filename,class,family
c708de2946aea4339ef6941cf0bd12a1f706cc797ec9d5c09dc2ba255694d8c5,0,na
ca7b73a010f97b2c6e235b3ee338fd0a978f37ed1d805a019ac2e5a261082df9,0,na
220d2cb01d4ca440b2196e5c46316e7205bb7fdae45cbc9af91b3572de515b44,0,na
a5665513a79cab471f8791c88b082abff926cdc1c969e04e38686f96a995822e,0,na
9f7091a7b5f20c99f6826b4e5e405103a685bba96b69455bcb1b6e40f269cfe0,0,na
de82178ea03dd67571e2edbc9054fc93ac3c43294c2554053c595301864e4ba2,0,na
b4bb0a3f74d70843b9994355fd1e3fff35d6ba36f423db15f199825d078e62c9,0,na
8f55e20f752141dd0729f41d8db113c2939603e3162eb76da36860d2974f66ba,0,na
9f942c729303789828cdf2061eaa0016418a9412854f8e858cc9f790f3d3d9d2,0,na
531f4940304fb1605e0e47ed0f6900ce9786dfc6b697254f17abc4e3ccb77b0c,0,na
0cb4344a697a2b210b962038e7dcbf572564805d74a31fb686df1618328cdedc,0,na
28137b620000e8d599f36a4cbc4919652f22f70d31b60753a0bf105f10c25296,0,na
9fe70a4482953d469d458bf25db316056cbb900b6daeea1ab8f3396b488f84f4,0,na
042f97fc67d55005b62c7a131d3d7e03d999f6ba4507546b5cd05b11c2c0ee59,0,na
4a88ffc87e1ab446d8bf0ec8fd385380d5d29ee589ce585bbbbf3893e878fbab,0,na
ddd12df61b560e35bcf74fbe8f139ed847d65db1ea969d9a1a207bf35758049c,0,na
54c0a4ce52b647f1c5a1a3d80756afe5f27a2642351aab9dcccca931bd10318f,0,na
31e01946f9264b6f1f5c6cf69c2939f65f4eccfc55445779ac1821ce4435adde,0,na
2175470da5fda3d2001fbf3f78f2d31e450bbcb5ba1bc5a27ceb0bf7501b8e8f,0,na
84834b01ea0ca987421887514872b10cb1a578480fad0073952a15be8d182ffd,0,na
42a2f8670447ea8cf7ff0d4e72041d41a643518d6f8b3eb97f7288467bc198d5,0,na
cf6adf5c7723c15b0ecc0ae8ffd67fbb66c73b59c9bd7bcddfbcb46535f047c3,0,na
4fc19a95610df6877bbfa00ea34a4e49b39921a412592df1ed89da4af91ba88b,0,na
0fdcdc10e60c332592e331ead14cd69eb22e4169cd4691c5ebeca03f4f3acd15,0,na
6a2f73cd1ed394f0240d8eb636c76df76dfe86825757f1c02f22b7ce3a108f29,0,na
f40ddfecbe8ee73d306637ba4257871b74baf06572a462814885de5b6f70a924,0,na
e876566b85f31dc1bc74d42522e4babc94ca76b850e11bb4b65ced6e9d26dad5,0,na
4f24fc5ccb1c5b699ac028d878ee90e25d7cd59466ba52f22bc77bfadda66d89,0,na
7887dfe7e44072f7d5a4345a86285fd4c4b1ff515a2fffde8c17710163901a1a,0,na
58d3dbd8ca4675a5ec518a283b992130bc1dc4571893182ed6233a7c75f85b4e,0,na
0315798dc034cad5b2f5ef4d4f592ea94db54a3e965e6cd17bd12b0039d4f366,0,na
5e7c3d14b3b8f9d28d1ba07668a8590db638a8c40de41eb957a5058dee82d629,0,na
13da2a593d5aa8cdba48f5d8e48aebb629020d17bf52ed6ead2002d5e06e038c,0,na
2aebac012f29674001adb4e179549804c1a4e28bedd6c9ad4faaf8c3139e9190,0,na
ac6f512f8865d8c72e9e4eac7154693834d25d3a502fa90f2893ffa5d851ad59,0,na
b13e3918d7cb654a663b3028246db4cbc47065cc8821fcd153efb9c8093afd02,0,na
72099d3951df4064939ebe6e0ecb1798955bba007d546143e4648c15def5f04b,0,na
2363adbe8b93c16ee299adbcde859714b43566ae2e401735ea27b88e964d2d81,0,na
2dbbe5e72950b3087805252274841761b9887015a0e8873641f7edc3d0bbd20a,0,na
21a51c787b6ced52ae4ff85e10a185990772e4c12239eccd6b0d120e56aa8b9b,0,na
3f781f635775b3ef346fc64bebce8f7e57592bc5ab96966ce19c3413b1cbbac7,0,na
add498487b0133f05f39d35b03908e00685042094dbe7e0b90e8ead11fe68892,0,na
669cf5f22640e9264967f3e89a14b59fa2486106f6fe78dde7c647f1ba35812f,0,na
4f89aaa05883f253243fcc148a48876df9eb9761f9ad9433dc87d1f9fc4bef62,0,na
3aced95af63b2d64b3b3bf0e1ceeae99d62bfd2f576c3ba89df7ad519c243d78,0,na
b16022837e3ffe175fa89c37b73b71bd6b8eeec8c657fdaaa43d7b9c4af1051c,0,na
725da82495caf289e972ecc39ce6ad04b7fad329c5c35ef1031edeb8e515aa22,0,na
c153c189938b8ffd8091807b0d889fc039c013638cc741ac648f1f47df5f1000,0,na
bb2e58d649793e7265b09220b6201de289a34c67c695acc8641a2a39eec717c8,0,na
af44405acc8d33307824e31846d221e7671c0ae218bbc1ff33766b88647655f2,0,na
da0bc5654a3b8ffb1496e30a017047556d34b8f963bde6bd2ba47b91279886ab,0,na
f0f84ee3858d2b5e85d921d3d2626255c4e3cd9aaba4fb89d83fe6163278d5ff,0,na
fbeef279fce880fbe349e31b4068bfd3ca89d9b1826020706f38ac17edc91838,0,na
4a125c812bbe6a765d448edf435d5d30f9d8366c7ea8d8d7ee7e21a0ecad3759,0,na
dc669aad328ea52818165214549e4c5309218946371f5767fbc1cb7a2e826754,0,na
354c47366089e05c13955ee3a6489a27023eb511add6b792918342e8137d1265,0,na
c936aa337fc3b215e08cd4540cedf0138de3beb5213d8658b7d0962449261dfd,0,na
93e77894b7df0c740b186d1357d853bcf999612283c4b3a69494fd8aab45a1d3,0,na
44c4a6e264e78eeb06acf1fd4a29a0eaf96e38be60d1f830b935dd1414515e43,0,na
c55cc2f42ef0f7abd16d0aa8a58f9751b31a09b479695e1c7297a285eceacf88,0,na
1b8eed9fe88c777054e37a1662548fcda51fcbca445405309b33954a25a0ed74,0,na
b20af4eb19ea48f33a1af278f02c7b7567b909ffd684dc5df38ecc10f335aec1,0,na
eb68b0ea8383129e4844497f640c87f685c58f74e958d7bb23e452cefff0cc87,0,na
f534373d38c2ef94f882b8b4f0ae6a1f9be9324c7363e85bf56a27065b835855,0,na
3c37cccbbf4c92000520c18aa080853bb51a89c92481ebc563025c7061bdd0f0,0,na
b1a544c0ddc11bf41011da5df60e6e05d79bd619d02cecc63d8cc09e00089199,0,na
1bc868ee77b093adb53561d5ccc34a54116a6d94a2a53c8bf35f5bec4188edaf,0,na
72f4a3cd41b694e98ed354454ee26969d8bc772778c16147af14ece6fd157347,0,na
1007380f0b2478a1940f8b8cab0a101e2ab528b0dbc3664cd6dede4db5bd995d,0,na
2b018b08b07f35683153ad2fbe7e480db2d7b1a6ca7cf4f32617036c43eede6d,0,na
2220de9869c2b061553516cb209a9b656e6d664b4e6693e1b124f1429552fc17,0,na
7ea53d8acd1de837e7b379ee448a6fcdd386d2c044a7110afb4f61104def4e7d,0,na
2b80ee0f12ad85426fcbc2d66fce640d095611b9f1af4d85bd168d8b8eeb4a7f,0,na
a6ae01fb718e954bb1e2ca72876f24140c11bd2e3b83c098662464cedbcdcd5a,0,na
8d9d56495ef3d803b90f6abf7cbb09680b40c42acc5149e701cefd1a1f05acee,0,na
76caccd65c4e26d938227bd3c98b4e4fac26146ddf3bffc476beac586995da9c,0,na
b5ad6cdb28fb59d34019b1c9f25387c095e47ac4776cde346d3a794618159a7b,0,na
29577df7077a7736b5e68399adee9cfe30741425d409c181a64a4c866317fc0e,0,na
4a3bda80471be2f8645e3fa33a993a8ad5329d0766cae903ae83f1fdaae68319,0,na
e4b791a2ec4d35f67640ea4a5de6fd02c6ce52a361f219a502d9ec9a267822f7,0,na
5ab185672b42539bbb5153f23cfd59db373c7a479e08a1a3107734eb69f9d496,0,na
e89870c1cd5fd5d8a7d969bb23f93e41d4faaee4d736d945bc7ea30127220321,0,na
0564e1b987dc7a96de515f46f3fcfe00e57e1bcfca44ce2297e9c8f13f707a09,0,na
816cc18d782d5cd1ac9848fcbf8bd3666a32432f30a1b560d80ce028abc9ff7e,0,na
a11aea211152f2cfb12ce7a08655004a5b477b149a47c4d8b5f8417169762c35,0,na
fc7fca7c157c8dbc2050c72e0d3e7b4b13d4cf9531b95ed6173404f4ffb6d8ea,0,na
f79952fb1446ee22e73f0d9ca805050de74434f1bdb3666246c96bb3734a0b7a,0,na
4cc3f8a6e5f82ad3d582e5e35a8b048b2010021683e14ed058f12ed724b1066f,0,na
7393f153d5679c09197d2fb0e90513465cfd29f2c9adcf92bff07b753a1bd40c,0,na
23d35010c818866876e3032ed0b14e4f31880b63fdcb29cb5068a72ad4991939,0,na
eea1bd38f2e0a5703323260b009eb90b8769d97e59259ebde23a1828cee7f4d2,0,na
e05f597f7adc045fe53f057d58c40ac33a61ac31b422b48a9baed1ce2f5614e3,0,na
e7ec943a7ce7ce49dc50b4577f9504fe651236e469844d3ca29b8a19682cd21d,0,na
4b18569752773817a413e96f88cf5919a969f24e9f2ae3d27897c2efe0e45eaf,0,na
a416b85f531759ebb73f065ef7cad5316b507bf9eae2c431781d9ce1ad7a017b,0,na
d3e07bb69d84c92db8c17d352fbd3b77380298b20d27e476e9c15870c405e836,0,na
f3944ddf8154be7a18b6bbaf91b14cde8c81fb21cfbd20d5e109cca849f87036,0,na
0bd95e90cfdf212dbf35e6eb32aa6a67422675e83790cc13f2d7cb2bef28ae0a,0,na
775c0a54509671313ffbf2b68cfb3a409f885a9ce9cd5c2af6656fbd43fcacff,0,na
5c30fc236c154204db2cb5651efa06a3709ef9a8a4078d58a92bc7f6ad37c2f5,0,na
c6bbb0b9517f8a344c7d79b2839d7f71dd47e6b8d746e1bd1d8f9c9c622360f7,0,na
ac20a4f797fa163353f46276928b634dba84446d94b19a35f9d2d33a37b07f81,0,na
fd40c112aa919f73a755c08448802f49fdf948058621ab7032cc5a1f71652fdd,0,na
0c5629dfe338a8fe4a703c7afb3688ec1d0f26f176e337a1c8f56f41d9d861d4,0,na
e8b90782cb18fa1ea8a3a8726aca3b2ad68d219bccedf6c9f95912d4d88caf5a,0,na
6949b9b52772488bc50333e644d8c2fe4e9af3431f1ef2f532bce08d974bf817,0,na
93bb28248323abb90490c667695b7d3f348fd3d67785705c9117be4ec41ddd7d,0,na
b9514f95491f6e3fd7af3ede8f9e233d422ceda2c641a108ec57b6bfbf6ccce4,0,na
c01d19acc10660f802d9a7a75e06d4b834e01cb89a940d73d76d02ee990e62e4,0,na
22d8af6247dabfcddc25be2142461366e5cd961937db8c2449ef100df7e5cf27,0,na
eadaae07cbf8caaa4f2c992263432f33fe989b1c15dfab2ef8e3e3af6d739a6e,0,na
9e7a21f25f96011edc7b15d35fad0b03a50a56ab6074d45d587ec815c9d0f646,0,na
509a36173f14f47d51981a043a9895da0b8100a3ad00eab03916735f4b4639be,0,na
02c5a88e6ffb7e30b8f1f60f78b4f57a7890f68fd4ea2c2566e3674d2a371399,0,na
0fb5a1fd3024ef6988643eaec6e54f4e6090f289200d8e9662d42d143bbd398b,0,na
b7aae5ac39defedbb20d5529200ffee2f3dc548f55264055ecf1e48f97888f22,0,na
df3f48f2c73b5f8ecefbc2a3f1f23dc4bbde918cb1c50648fbcf27d518a9ac01,0,na
10ae33d4d7fc89aa096c1df827031a82459c6d7cf145d5f93208c2fbd0081ad8,0,na
be103baa8af622690f1a2f614151365cf08aa8655ca778b444dda9b44325ca51,0,na
0b22f04714796ac3cfc34c02ccf1b14a5002b9aa20a346e644bd2461a3c36beb,0,na
dc619f6414cf6611de6a6585a6aa40087e93af569bdfa1c6a9ca9061a3649483,0,na
5ed0374269db93d91e3e56cd2c52cbf76031811a868449e1c00b93eedc4818bc,0,na
3e2852b341d887d98a4f32252b4986399d34f3d8074d102158f41099d3b2ec16,0,na
6edaef07a2b348fb065338c9f8af1c226c777508b1171bbc74fd2a934908d2a7,0,na
9fb03a95e69fdb3d424604cb36ca6db903bd872df325aa4b6f92bf8f64b40051,0,na
3c8d0d392aee7ba9357fe12ca9143c7ad982a57756cb0123b965068ab2e008b4,0,na
22d923e2197735c3130eaf4c616cd61bf45642b2ce0f88a125d3deda629a588b,0,na
db64b8609f382e2fbb57b54fd240c43d94052f297928b8eb5db7316aea23470f,0,na
539f86fc8b10c219f5c7467d0bcd45ab016791fc3f94b49e0ae0b3ed83fa83ee,0,na
6958727ed07aae561da9f0a91a50da8b1bd3883b10a5f745cbcfe03621677c55,0,na
49f95b97db00c35eb32d52e22b744c31046fba0a96c7b05901a8f37dc34e3c12,0,na
e016e1da65f52c8fd86b03df4aa22bd1e5035b2d699c0bcf23c9382296649352,0,na
5f4458353f8d56fb2da3b27b896962718265d24e894750337db637590c60b266,0,na
11c8b0b20d33432dcbab06bfce8d5bb21ab7be630c14251dbecc8cc23ead5049,0,na
af6e7999b623b4640e5c13397a03d012870f4c74b29ea687b9e7bcb20ca49230,0,na
6527cd7e249ee6a03bf6be18b8399e9906494e45528558dc67eafc7e373824e4,0,na
617f4d5a42e772c7443bc7356b36ce223b95c2681897405f5ba038895d528819,0,na
89535528375248b5948ec3eb7d7000145856a088274561a3695777e9ff67cb4f,0,na
0c374dff4bb2cae12e8823c2de7d64e2450f6ff55cd868441bd4402cc07d387d,0,na
0727c01481918cccfb415e781e7c1d51da1c0b0694278911ad4cc6d9e241700c,0,na
295f4d9c6f872005e63b3ffedfc61bdf7ad4bf54bc52a4766c9a8bda7ec5eb78,0,na
efe0e8664d11a240ea9ccc7ca1606eeaff17bdf0e8e73b2c7e5801c5cc16b90f,0,na
2d267290651958990963186682299587fee972bf942274fbce98bd7ad9e267b3,0,na
9e7cbc2c997434f193429d80544ef9f305de9fa95e4e6bc89e498769499d147b,0,na
35d37fa7c206d60c22f11ae0488fafd97956c2c3379f742f15ca6c73bd2e879e,0,na
507c492e0c3e5a70f2417dd8ec79b1db0b239014a6e2a0f7011c2c5a78627e10,0,na
2003d55dcf781ab1508a8e5a42f01a232bde442a7f72dbb8c127cab794c4f50c,0,na
3c99886a3b15f574fd12da06f8805c6c933aeac0101b591bdb8f5cfc23bd6c19,0,na
c2cac5f02bccf94990f34e291834ec26854a9259ffd4df426386160fffed342a,0,na
92a7c9e9c484f69bb7598b69c8f4cbbb5788243f28a988c59d7de720b553e1b7,0,na
9ef133d95de1727524afe07523877fbae74577c0b31a0c5eed9d635ff5b03f41,0,na
f16b363ec1e981f68ab06cf6baceb14f24c36794e6d0580cc0b360441e3ad6b9,0,na
c48f6507bd935478578ec6e4db60835469096d89a6212667d27e273ebe32870a,0,na
afc150802fcadc119b3c3fc9a240d27f7ddf39b9c0d1cd3e8e692ef8b0efd4e5,0,na
1e4795d3fc95258f137a2bf38a7e34f6fed1efcb70234a34cced4f00279dc8a1,0,na
5e4470292c58817197f710ee9c22f5c40ed5f0a47e337c05817627a33f7f9bb8,0,na
c7318e03146f6d0badad7787a956c4b791bd6831bfb15a98e1002725652b99df,0,na
6ef1106a35ab1515f16dd7935dbab15419306201581b3f2e1254d6b9fa7002d2,0,na
8ac6a53b2897a67ee90d07e374fcf7f2051ca6e0233e8babd827c1c579b76ae1,0,na
a785eba64ba6087bbf1d61a7b0e7070973a9dc5b56c219c10e40916bf85bfeb3,0,na
c2b9efc3529a0a9e7d14b18b041d3fc3cc0a8d88749c42e6c06e0e0728fa84f3,0,na
c5a1c9b3ed58ee1890bc5cf25be1a1027bf5e551a1d3e6afc768ae1bf59a112c,0,na
abea05c1876b95ea4fa5de91733e254415c741ea3ff02a15779c0600a7c9c346,0,na
c007e9fc180ca4928f0b4eac96631453f2db90f3ff624f2c8fb0a1e46a7f7ebe,0,na
8576fb30b29559f3bc50a52403f614b2d0925d5db32acdb2ea86075d8d79f4bd,0,na
048af2b93b430fd9642dca85250101bc67e2feff396d79c9072f41c555c70747,0,na
7502df51b814f9a6871566a3c49d44f4ba8f434ed9822e4a60abf0eb49e15131,0,na
0b97c88cf7ee9b8333fba76a3e1301c31947b50d783dc7289f6ea56c420de177,0,na
e35df27fee529915c9b08049dfc47943f4db6cc5554bf64c8d6f8f815a21d09f,0,na
593ad46c369d10a53f98570618a74342a20a6ecb14e77eb548523efc485b87e6,0,na
75b08d9fb8f5fd615e9786677dbc61d5fe4bddd496cb8947ccd2199b66bafd05,0,na
d18ffae5f730fda2f1acbcdf55e11a8a1258a5493f8dd630c6ddfa9dedc811c1,0,na
d2dc6e2cbfa0c875c5a7c1cfc4c05951875ddfa0211a02e407c4af87ed6c343c,0,na
bdde3629e9fcd2fcd8dc449075d68786a40bc895fe6a161b1ddf3c132453079a,0,na
84033217eb7e891796bcf873c463874d46d9209da48b690c0de3b49d55d9f718,0,na
8df8d28d645e0d06f6d0951c7f46902c161f8af7ff5092799d10fedbe425454f,0,na
8e24bb1edb0bd1a061a8b4e82013f5e3aadce699cbb904350fc3d6dadb3b0732,0,na
ec40f086482ec196ac2206bc3c7d111163014002ac8298e8a4166e8348ad6cb6,0,na
c932e32ae27c68e632fab242da90a46f00e9254c37d8740904f607ec26ced4ac,0,na
97882c8ee92181b6189cf8b8d89ebafd97b903ed3883d3fd3403b4201561f0c5,0,na
52375a3d58ad3eb49e95c88f794a6efea553a46cf9e89bc17e7964d8769fd35f,0,na
eea93e1766f84d0264cf048f1fdafdc6bce18f6a8bab671f07bb424550931944,0,na
19e050c969ac367cfd6095843116821a84fb39a08130274f71f64e1aa2af7db1,0,na
f37cc4b45a2d2fa89a518432b5addee1dfc860fc90f88aea39e637f2089a22a6,0,na
eb984a1ea86728a76268065bd73db5211cc0f613af8a5c28aff95000e9e4d6cc,0,na
72e606e0cb78cb776faf3397ae610ff795248bb6953fb36a3d78ac045d0dfc07,0,na
dc06646cb71e7279061dc2ead96fc24bea3b8a84b41c3c2b739af240a8e33249,0,na
da2a1e766275d3c292e4d0d8d9acda7cae44bf07f90a2e29c0bcf66b25bc0526,0,na
c8b245caa841ce69a62fc26fbee496a292d9032059403aa58b2f122c2d2b8b37,0,na
a78fa05dab161b847a8d1a8c6dea83f1c17a366b76f33677f2385420592a1094,0,na
bc1d9583f5610dd69d51eaf23c6a49c1c484bffdbcdabcc387e19f9b0aaf060a,0,na
88b1af95004527601f712c629188f68fb1b2e153c0d841eb23e733fcac43344c,0,na
c3dfd07047add4ab57590e3444239271f1b9cebffa492868ae3c4d1eed2b86e4,0,na
edb0d195482aa956dafd528572f288a6b611f779d9eb8c5a6beecdcea9f22b41,0,na
c53b509fcc2be6a45484de88032a8c60f2e18df9fa11712b3206ee0848615999,0,na
2323804b4ce6e13881d1bf7a2124be3fc38110b52fe48163032ee046af905ead,0,na
8101480774ce4ff1fcce83fbd4df92d7ec91de127c709bf0a1da5f21b7f5a119,0,na
b3b6f3dbc7b61114b7371c87cf76de2cda9106b1dbe1615bc4cb154f71b17864,0,na
da7f246e9722d18fcc80440b0c1a3d159065a539a41b8f57f50746c06fe603cf,0,na
30290a1bf1a2789f253fc3b659e5ea8680626e96ea4587c1f9cd7cfcd74932da,0,na
1daf0fe7d19e8e46ba53362f034fa1c79b4aa2a6ebc99e7b9bbbdd5c8ecb9ebf,0,na
7aa91572175256ee8cd08807c10eeea413222d23c7164574cbce98b9ce2138d0,0,na
4aa1e01ff447e36044fd84fef2fd200852111cf4d8cc7c22fd37e8d7f7d93df2,0,na
c57293b4d857cab5c01b7c0e3dedcecdbf2261cafb6336324870ecf0a29d0685,0,na
b7ea2d5acb55edd1c67a77ee893df0729043e6c099a4fe677d9e3c8cf9ea5f1b,0,na
f021a946e3f8e9b439b2690bb62756f8f5f709a72edbae45a934f4765827d953,0,na
016e08fb182727fa400e6a00ef9a2f38394d53363569387c12efdb55da45b7cf,0,na
05923e89a9aea1df84edd543b90ba7d4e58566bcea4c244d5c1c4181bc30a9b1,0,na
42233e3cf3bb753970b7ec4b9d9f63f62a24c6841e72e9dd2fd101e09f4fa526,0,na
6f14178eee1899ab7d9a4227c1515fad241c2dfab87c30100cfa3a89b33ac7d2,0,na
c540e91465d8b4280fdd0468cc0c0825e0858e8296600dc4575fca0c3da15eb6,0,na
bc8809eb08fd2d84acc558d8fd004f010bdb2b09f6e6fe8114009b0a307dd794,0,na
c242f51e0bb7dc5f08d50c328cc6c4297f07b0f56866bc18b42eae27326af04c,0,na
b879694b1a7c89facbbbb1e864cdda92f15261e30e38fc42a152a2e50c14df1a,0,na
a1a00df8951fb5ffe39d9d14502ce783d9d3a791c99e45faccfcbf22fe4145b2,0,na
d200647f20d4dd39c1b79528f045fd94217d6629745ae071be770cb4b6e42d23,0,na
103caaa5acc893fe78e1f311e11ceb87f7a2aa6215c9b78f1bed142aa5a895a8,0,na
dc71549100e6aa3beeaa31ac55415a7f2e8ed60ead5ffa149172cbca80d23afa,0,na
79cecf0d9af14f884633414e3a4f6308f150c431be145a1366cfc68774e372a0,0,na
f0931a8c82f1f9bcd5e5f9d842e08178657a69311590de1fe55d0b2430c468c6,0,na
91ebe02f23af2d473a5082b08d98e3a33f7fb4670a15f835e43d7bc2200ca338,0,na
1065e76faaa39dea8bc7e4bceb9519455b13e4237202381ca68f6933931244b0,0,na
64c90be1eaaa4664f63e6f1e2259c186b9e3c2f0d3be27bbdef4d827b107e144,0,na
18bbdb37f1bf22eee23fc1d8288ae2959993de25ebe8f913e99edcb850ab72d8,0,na
ced2a105af5e22aff637f38dc84e76853f3c71ae2519c2841336744e26622397,0,na
8a5f14441b2f462783e5bda635d439b19994aff05f7ffcb593138b55c6e57505,0,na
5e42e14c58f560a0c84e01b7cc45ea527af52ecdb66423d7145cacb99842d5c1,0,na
86596483d131eedf677c9fd8f584334cf68d44cbde1c797481d413d4251124ff,0,na
607ca216402d4ddbd1f49073256b596276946ef4c05057c84532c8a15f80d304,0,na
fbcadd79ea03fc66f65a87f75a9aaf14919e027bc0d841a751db7c49dd6394ef,0,na
bac04224b802c3f18bdbb45268c914a205c8ca4a6c503fb876778554a241ad0b,0,na
67a6ea2e5e560b3f1bbf99bf6519d27b9d890a23b80808e59967ada3038d292d,0,na
c73efb60ad2977e47c3f2fd2b92373404fd465564041e179b245fbc5133aa507,0,na
1e449ebeacedf93da06b09258b179acb636c7761ce8bff234a6068828c1a98a0,0,na
5c246cb88105312e28283fba3a28513bdda4560f5b37df6d3dec604545ccd510,0,na
55eea030f75f7a225627089f3ba8477631fb029ba1339715e9e5a8588bc55a61,0,na
747d5ebedbce2606d529ac2b69e223d44bd314a57e14acc04cebf47e1ee6d487,0,na
3a87ab8487b1a890a70b620e3fe0f2b26789b0920ddb5de9d890cce1ff5a118f,0,na
fd39cc224cbd5a67e816b3f6f07e2ca1468d8eabb51c858bf71da21e6287e905,0,na
4bef82b307ec7fd30bbf45024072cb502c3a53d46ed3ed9e7d7f1341ca0ac1cf,0,na
a3f4437cb88df0e3131f2ff8178e6b43d46b87b5a13dd7447f03debe7bdf8463,0,na
aa325141d42fa0173240706a72386b2f4160753785d0c779b5c0e276fd029cf0,0,na
2f2f5aa5e05372dd4c366402e142af700cc8d26fc4980f204ef0715fd44652b9,0,na
6c898fa7decde1039d8c096fbf7ad2121aed10e0b991e0245941af1958c16032,0,na
cf0c1cc62ec152431879869c5750d37ea9bf868b728b82889c4b7d72fce18aac,0,na
332a9dce38e250f2f19e70ee739e1880b9b71a52f0ccd73dad7dd8a7f253c1f3,0,na
f1045554c19cb60716f6848bf3a48389764c94ade1ce7261fe36d992c62d6c15,0,na
3ef5dbb2993153fc0edb0e0805db4979c1c7dc1ee4bff6eed071187a6fa0f2de,0,na
343513b1a3daf92bdb04dc9acf7bed6c2cedd0cb1631e77ad8f2c17de3a71331,0,na
d4c678e624134d44b5df3fc689f14ef1de2ab750bb4930f84918bcbc79fa09c8,0,na
6c5cf16a14ac5c5a1289c332df0ab2d6e0fa37fda37aa62ac564791ebb3517d9,0,na
2487ee52e4b9a170f696e7ae693b2c8b8b69c89dd4294ec13203e2ec1c5494fb,0,na
5bf53f120b1d3b4e16b9847aabd9f66a95118576a22d4d9fea7889a9cc3dee4c,0,na
27e17df8ec32f2e330ba314e21c97273da1f3d365c7ed1ef49ff33b3301e245c,0,na
eca5a5688e7c146b3266cff0e5fda2916e63b22c7b32c71e202d6148c7201f2e,0,na
36e9ab1e157f3487ae987576070c83dbfb18e9916a91985469d41f64c74b474e,0,na
9d43156bb3d301cd5b211133c8151006c727c30b26d24dccfddddc00dddd461c,0,na
65dba6e4361f14d54a611c6b5e419fee359bcd5a79771455bac91f03e10147f0,0,na
0af3e8aca035b4bd4d3ff9384d32c82e1760d5af633d87c3e39dbaaa9e525c4a,0,na
e1c5e9df0c5705016ca4a785642e8cdd44769bb19548d42b8c4e4407a4940f90,0,na
ea9f61314485c50d16e2abea302bfdc064c8f08de52414c9f09ef746f43dc713,0,na
d3089725e13d567761aed3d4e2d2b6e2392f0432f3037f0c1d62c1cb81ba6a83,0,na
69cc69c5dcabbc6f1aa36de5f6d333f3a193c308ca2869f0c1baa6da84bf7a1d,0,na
9b04d9e3aa7af1349663145e5942f5d77c0bee5ca8d4fb586c8c0bb73a082cfd,0,na
78cafb6f4aff8bcaab40d3767fa58d17ac94247f999ded12f4d356fbf9393ee4,0,na
92259f950c0d11cc856cfd8154b37bf79b27699348bb2cddee9359ba45cecf71,0,na
cd0280a972363a83c91e42c8677a3c8d0dd2cd99a52d04019f025d2b5b34059b,0,na
b1658551bd3ed3f14f413ff1211553cb018725095aed3271ad64230ccebe74ba,0,na
8a7656ae09cbfeec2140a31ca1f436d2b0f77d5035768256a16266d71956d7f6,0,na
b77604b87b4470253de2349e1f780f1e4a4c994f470609518936796229f025eb,0,na
b81e6eb22b006640ab35b944e95a305172deb54a0b02d809f8f83fb747d79acd,0,na
5c188f0d4edd690f0de02aeba66b0cf0d9acdb9af163249fc5d1a9c831d94a24,0,na
7476b10da75917c65161f9ff17b73b2d7e010fe8e3227b102ca0f0de59c9477f,0,na
04062a22b841c0b704ace78db4fbd3718c05658d48a2ea94e44f6fcb86466238,0,na
62fb341c0a682699cc86e4bdb4a54217148691c282337bf9207167a85d6a2beb,0,na
338d99ee6ebf02773a17bf67b810a776745e4d446d42d43c6a97dc4ba5cf80e8,0,na
cf0ec4e5ec08fb292e4ea7d336107fdcc7c17c89406db4b55bda10331c48ef02,0,na
bc594fcd2a937cb90a4fc8f0da18225360ac6d36904519affef9539ee20c268b,0,na
a8a6f05948ccc7009c6adb1e5ee6f593189b862b263abb4169ed199b69f3ab8c,0,na
85559d3ee5d57c9b48b8df79226146cab785dfd2533984d175fed6fb8397cdcb,0,na
b4ac8718dca6ec50282bb37c1865cb6de28283079e38c3d7dcd26a8aa630dab0,0,na
99aaf0f665a094f4dbd4b89f5028225e2dcd13cc319253d91b4058cd3d4c5405,0,na
525c03731cc936d6619341a244e517d6c397742cacb9517a95ddb3dfe7db4ae0,0,na
9a34c2193f8c96a80d35df8e6c4135c9c80783cd0941977d92ebe2846afe921f,0,na
61e776ce2f79000c6a0347ba5881cc3e4e16665e532647bc679d01e1c094a15d,0,na
92caf6741fa2c761431c7d61d1d730b3f5915967bb42b8ab3e7701180fa543d1,0,na
8c78fdda1f1846d83a6d977b15c7aa740e0748f6e1f97fe425774fbbef082beb,0,na
f3b678ccdd6226223ab1a342f785238ea4794c931e170a4c23fc8a2b2b603704,0,na
d59c60b0b421462bc3fca550eb5e93f6a7494d4beede17720624a2c56bbe0d17,0,na
e02da5c97649a47369da15b15e38f5da7b0163367f8a15a1dcc6d65020e52cd2,0,na
3544f69fcafeefa761eed9514bd940165497d32eae676b1a8dfee41da2148fb6,0,na
367c45af6d703f85492c9d1536ad5e8425350d5f357618e43557b7e154e0b18d,0,na
9f7ac1057e13b1be9d5b9af31aff1e72d01222416c5ba398e3c21a16d5e297ef,0,na
ab507562312c7be95431929c0a1a521f761c1b9abde89f0e33e7e528612a9f61,0,na
6bfcb7920d94009cb8bbdcc6fb7dfee68f45112c905ec6b4825c03b174888d15,0,na
5c994fbe51ac86342c4123ba561a08b733eb62f155cc2ee37ab4ac455fedda9a,0,na
a5e1b90c62df9665ba87e26bb27a6321e8dece8f00fb89ac2fa80e325831c4c8,0,na
dbf08e86c53665400edd6c6e48300d5dca3e72b971c7a5cae10cb6cdb0b5c2e6,0,na
fbe451c8dfbfda306b450c00f533197412465c66746efa6941008d8bfde6b467,0,na
1d296ffe0eef3c3a450cac29ba7fcab68d6e5fb170fd251c68668497b87acd17,0,na
d8b94bf2f5a5f6bba870ac1f52d8dc65c4cb3cae46742518e093ff997947b116,0,na
cc5e217c0c9f65427e8d5436594453182458f1f180848182bd70ca6772db1f8b,0,na
a61dff32682252ac5ff23234965eb63a2dd1b1b704d8dd579b27c65983a37df9,0,na
9770e8beaf513a5683f2d52ff188a96761ef827ad581e405eed96ead8609e845,0,na
07f69afa2030f0b4ddfbf09a0eaa0a25609b9cac19a55b036f599fb049aa28bd,0,na
b36f99029f7ebe41f4194770a29c63a5dcd903ae9a7648cb143a6cc9b925286f,0,na
b907354321345a498c29949268828cb8e18fa51910f187ca6d80796e272549fe,0,na
0c760b229d7ec841e45c848fd38650f480e0ffd3d22aaf20fa8599ac4ab0fae1,0,na
4a0a8fe32bfa2bbb18630b806029fe5696f6ccdf9a56b1731dbe614a648905bf,0,na
c25afb0e6ebbbebe4eb22c4ae5ec567ec4fce967d1717d0ccce106f02fdaf1ed,0,na
e921ab04eb9a7338c5c2e2521432df3e0524ec36a2ca8ad438880d54446cc256,0,na
6fb518aadd40a21eed5b7237c15a4a4cd697e7df4850c9c107626329dacab2a6,0,na
f776e4e51bdeea0feb6830ad7b9d31d9d617b2266e2365262068c0c8b7b8b623,0,na
8334907f68fe52e0fef185b997de28ffec5bf7d9ff11a2a2eafa2a6393cdfd47,0,na
33f538ae883ff3bc29ef5a28cc2067f95d3409d168a8078c26923d84d2b386f1,0,na
e40ec8a70071125598524774c631864ca9adf9af24a764491f8da6bc697d7d92,0,na
80fea7c92828b9aba9a2cd35d9282ea2f76f33ad2542ac04b1462843109a2865,0,na
3f38b08dc7ec8e377a01ad8fe7a01359e9fee8223dc0737360a64b01ea71b582,0,na
6d6b12aedc7f98e12c1ba0a6f5e2981a24334413b7f0866c156e94bd6b8a489a,0,na
630e73f2667b9a35d8b6e4dae6956a8054da51b5fc0b3c36d0af0ce773e548f6,0,na
24ec967291c0624d78fd0abab3a08b98f1c38eaf828e7b774fd82155efcd3a2f,0,na
340d7d5cb80b346f967fb801d45ee95c342c61c80c4e7017c151cd7df2f51467,0,na
eb7ebe25bb1d97c922c313ea1e8f554f9c6dc09791da66d313b814010b4861e0,0,na
2af96a1c23a99720dabb0080a5378b881707d93d51499bc2d862956ade3857dd,0,na
27953707fddd8ab650eec3b2be32df44feaea4f955ad272a21a853d795e5684c,0,na
760e1ca366d9e5ecc8211b68e7131ed688df07118b58956fd7a6f66af2eb673a,0,na
6307cfaf90c09902f7fc1a3d54c4b85b2d747173afc6c859aca9a5dd3468f66f,0,na
8a999c7596bba594e9448f370fe49f03dde37f89d832c0ffa6b7451f5ef4749a,0,na
ae65633d1860bf6a975cf4359396001dd61983b54346be5b0fd2c326e9fdfd42,0,na
9766edc3704b840c9374886a3b7b013898fd2c60e7167358ff01045487323b20,0,na
3dbc4fe68ff8364addd3dc330da29c60ba9bded1fd75be670d657729bd801962,0,na
bc87262f7251e5159dbcd150af2986d09185727b6877748fe5f7ceb14c07d4c6,0,na
bf5948cf0ad04a8b090e8e3b71a3acc4b54680cdd8ebb0481e32a7d049bc3b75,0,na
b0f8b9bd0bf94fee7ce1d18aaf04370d50bab339ade72597983f735cc13ff192,0,na
0db55c05b189babe7e878f1592f6fa3286488e1f5156e497d5c16efae177a450,0,na
af2c288190ea490700a4a351b7c7971e8051171b53b25cbcbbc8fdbdaa76cf94,0,na
a53622c95adee2f147b95c6011fa28aaa332bbb6fadc20c82aab6bd5414861da,0,na
3ffffb78c0c1c2ed4fdd3973a8e6e327d8251753e1bcaeab7d9c4f9945234c65,0,na
db72a1a51f54f81223822581e01a0a3132cc39ee9662fb1d947d2286d5bba689,0,na
232ad40c90f90cb2f055984d0b934c578391c2220bbd3998a1600b6746d3b9f1,0,na
f46c1a2618e54ee0acd58a31ce4c7e2e1f04a113bcc9ba314c95dbd1cc848d85,0,na
3cc6499edf5e68aecae35fd51728c07411a0342e4f06aed1b66084142497d10e,0,na
e3953bc76648c6c7647d2912418327039b26c9c51ee519b33613487736ea4e4b,0,na
f12d5ac9560ed7da985b7ff2c27c16a0fc3d8407d70e9f7b469ebcad022d1271,0,na
cc4bfb9b1f3a078239de26150b55b0687fc1868f5a7df37b573adf5d75dfcea5,0,na
450b9374332e162abdcf23c773a0f3942e0d1a674150688967af4fca47f170b2,0,na
2944e310799c3753c3108e40c578cd3d8e0c4c8370369be93a095d198f66a4c7,0,na
ce103410456f1d52ea42adbf44b9635acabe13ac71f13bca05462a4ac0a5d100,0,na
aa98c8d74955abfbac62f2b342a8f7baf3bb857f0700c09ff9d0fc6a58178ab1,0,na
4d9083f1269efd78ea6c3c4b8bace44118eaa9ac6a99cbf539476f0e2d9f03b2,0,na
23e3a4c9085b39316331a54548470002939f639adc1a49747778d460111f396b,0,na
f290c6ea6e299218f81f2f36cffae842801ebda74cf29d7aedcc0aa47d8e845b,0,na
fe8a2fcbf5713d046ee3c74d238aaefe7b82413089cef06ed44606bdeac9582a,0,na
fd64f943c827ed0dd34d12bc52a4f08fd7e642000b4cf210e606d95ce8e6c12c,0,na
ad00b67add2e3ccb471f84d6cf62df32e0c871046d717e3dd816e7b813bb94ee,0,na
fcbb1f288665098fb314ae832d0482f541a645c36bc141f8c85cb3e7384ab433,0,na
ff81f80d70f3469829e3518582491697eecd26f918db380dcdddb52566c875ed,0,na
5ce8d2582dea07efebf11b38ba751214320a0426e5dc727d9c818df38d612e2b,0,na
569fb6c12b180523e10afe4f250141beb7468748507553bb5feeda04d93aba54,0,na
9af50c93be0339fdcc89e72b4c2d5a6db52a7c4491d01d6392ed69aead30eb12,0,na
18fb0547ff1bfc95c050d2456d530d41cc46bb53b60c2bd0dd370515d242f413,0,na
58d09f56804023aa8d34967a8d5296fa6a369d8cfb30003d2941e16a1ff33822,0,na
45d23c5fcc312ffeeaea5f03950f2a1e3d58513fdcec8547c86a39bda2b23494,0,na
f85e3e48a9c6d93defeef14dff9465bff0d8a3a0d4c0cd35afe6ca0f220ef8da,0,na
e96a0855a5afff4c7d2f76a85d79555604dfd32eb77b61b16e6ca2aa010f02de,0,na
01931e1f6070befe529ea7f6bd017919b12453aace3d4522978b97c0e8e7ad3c,0,na
800ae943aa27cd5a10f247caf50dcd6cf2e2d2d3571c50f49cd0a033d37f231c,0,na
1d9454426735db5b27e35ecc55890fc948b05152e71dc27141afc845a699bbe1,0,na
722e816ca3525afc6b1ae6c17a06128330717bc2160dee8cf866a8661a6ffe04,0,na
1fff00adacd53416f638623f4e05efec323e2ef067404d68b1721baeae3145c0,0,na
989b0afa51c5a4ae4410622bde88fcef805d6ad3aeda0c33627ac72b0b69b44a,0,na
e5bd238c12b79d4af8f166e919ae0f4ba78c3eb5d07e181cccfd99506b37f49d,0,na
33b86e3c3b2664a064a8333a8f25f0f55f89df54d775bd750fe24448018d01de,0,na
eedbeb89f70b0c68254d856bd2dfc4df09bbbcead9444da2517a054e17931861,0,na
6fa59cf5ecb6a775d43c4abed28e2b38a1b17ae42daed9f6fb361c15f3f75246,0,na
458b858817a2d1cd4e6b327df6310e448410447bae826bb10115bcfdc7af1c7c,0,na
ca08984369b49b023a33c1caaede07dd7107928d3a8c281b28fe4a4d01e19e8a,0,na
4ff6973189c71050d50225276ee7788f464ab157d216a7f4b81a12f3d26c6232,0,na
8d61c01549e8857254ad200682609056a0f4204f7eeebf98545da42afbc23524,0,na
6507a2cc300f545c142fdd3229057cf8e797fdaf2797393e698897f308405572,0,na
dce7f96eec054af4930130973d348033040b1a87160695134b6f9238d264e6cb,0,na
e62b5604316535bbe3b0dfd4b674afeaea71a8765a43cee9ad7f7dd323f0a703,0,na
24ce03451e044878a54b65064a80e6fb74781f0a28701db6b8028e022610fdb0,0,na
1d2653948c0cedc73401e74b0ee2fb3209b7aa9895fa9182d42f15357ed8619d,0,na
8d3d76ab7af4f0d6337d41e416bac7595b9219c1e301804a114756e739f4963b,0,na
4505621d5afacb30e8d1a793ca4d93dba29ec98825f5354ce643ae3e7dad82ee,0,na
b6bc0a307c68c1bd5f19c1fdd7ad2386cde48e54db1ea3b58cbbb8a5812b3da7,0,na
6fc7df57ea7b014e7bb6d611a4dbda6213b618052ff0137f56c17ade6851718e,0,na
882a837871e48780b67a76e5f9dff008436dd53fdd88e7b4599a0b4aa01dafea,0,na
891a52ddf1134e67a0790a07bfc9bec3e2a16ed48a1c92cf2ee85def1805a593,0,na
55b2c0a9c9a4097d4dcd152f550c98f83d1f75759889300867301837d7f6f23f,0,na
74fa90ca1eac05d7d897936385978a883c320da0ffedeb1d872565a198bd33fc,0,na
c4675e6de696f77290d343b2f334f82a9fd1acf68990d1ba8414a3dc4955f24a,0,na
ca99ed6e3158270738ba9a3b10996d6c37cfbaf2753bcffe7e19bdea862769f8,0,na
e9e27ba22935f896eafa871eeddf170b49eb637fa81c5f2953348f12e8e05704,0,na
a2960e5b61efca446a3c5c2c87db96cb8c30aa72d0cad915061de839e2bb74bd,0,na
dccd38e571181f1b1f83d3c945adabdb78fcd36e576df944fbda49dbc16d861c,0,na
4f55349b13139e09a7ee746de8d7d23438fbf9d9700622bf52ef1caff530b771,0,na
879d277ed0742b3dee5719c87d51fd8f3cb619bdbdef4b4240eec546b10caff4,0,na
2ffd75be71bd65ed0021240cf9db3ef39633dcb66c9c63815d139b2243a26c0c,0,na
9d831e7f3aa011686b3ff912b510f340cd9b7b0d77e0b3cc2c3bbfdb55a2b09d,0,na
954a0889b0cc3987b273f8b04342ef057f9b088ce54b5fd90386545146def56a,0,na
fc318d0d7777be5e1de4fe1427a6f55b686a9a1231a7487c07592883af1f46ca,0,na
c4e371f7bbbfe519592415d185efd020bc5a9d5f99555e61c20bed2d7a8bc144,0,na
e426d58a931b8967dbdfa46dd12d57d58105c2d4935dc359d5d87bb28b5821e1,0,na
f39df1dd84303b9b8ce0778fafb6b47eefe5d2c8c794a6439a3489534c7ec58f,0,na
ad74106bdbb9b8d0807d55a9547cfbf989affe816c4599382ccb9a2302f84984,0,na
851607df1b83a44c8e06cfccbe5caf180d951ab48f36bc6f03e68c5fad44c96c,0,na
2d313e3398321907afe5adb2b7f06a1d7e6e8655cfc7cd5a577382a2c2d8023f,0,na
b41cfc97894ff5d3ee7c897977796a6bfec7e9d90a70aea23420ede0a62502c9,0,na
d46437ded1402480b68cd88590338ab0614d59604f61265b0d9329ccd251e2c3,0,na
297f72836a55f5131ba2598f8079ffc697ec0ac3a53c12e9e431087ab2c9ed47,0,na
25885a84ba1157b33f5576d52be2f368f346842a0e602666a12aa8e9138f04b7,0,na
a75168ad25cba698f68896b61a3b8cea3995c0845a7b0fa1d30954fe7c034c43,0,na
d08eb9ef0de614b174c149eca20ff51ea653b8a1d6de38127859c9fe858bf630,0,na
ee8c9cc4bf713f1ced3244610302ccf289865ed87010452ebe27131056cecfa8,0,na
450dd48956c4bb4e2c6fd39ee71b5e87d0586ef76482f6828c90330eab07765e,0,na
5d7dedddf330d693bb550357bf65f95daec482046dcdead93ba151d68659469a,0,na
5de86229fa7ae32235d7ea39e5341c3c18cef00f11b99dc161dc518c71d72bb4,0,na
0bf639519804abe1fb70f49ecdf7492938e34d7fa77f499e094a931c31ea9779,0,na
15b8f384f27ed3238fbdc4e6d94e6fe4dd943cd98d18d098142506c28ea2cc52,0,na
a7850e90c557046df53d97621ce73bc5fe58d878634b28f6d520bb4ae8e0a7aa,0,na
4e0e6bca611ede6f3651f401ab57c4b3b6d130d3cb0c183b96ce3641a6e90df5,0,na
f24f69edae2825a161c935da3d149f995f3388ed361f38995e33fc290f6733a2,0,na
3ae75640c1253c943f170b73eb8222db207ee5d82b6feb8923550528aacc1378,0,na
9309b0037be7f14c109291d09d5846776032e50780091941082d6c551bce1676,0,na
4c439f44d4339b799e50dc152c15984d042fdf85c8ae5f9205df9da10475c95c,0,na
1247641dd86138f1db87e7dd48ece28db45c0b06c58ce5db070b62a3c462f245,0,na
c3799bc02b825627abbd4b16283076d7c936f684c91f55f344edea2b5589edf3,0,na
200907c86fe18e1dc240069acd56d32125139cfa3cdba5da0ad6c06224bf6ab0,0,na
0e7c17b81c53d87fe02a749e893553b892b3666948ff2b5da0faa9cff9b4edcf,0,na
4993604e20ec3251c3f00d04857a152959d88d9d28b0aac2975677e2c0484af5,0,na
17dc54ecee29a03f5eb2df054f20031d9ecf3a35e6f8d2fd2eb5488b7acea0e0,0,na
e1200c18456c2eba172b650f10c596b7a01a4a761f3c1ac4237bdeb743899cab,0,na
4bf58897f7b5a1b11f37d296cf70c5b4d91cf3f921d85b585a323f143aefc691,0,na
7f1e6bb976ff5be1df8c93ed5ee00c3413d025291130c42617d246c12e3de522,0,na
992af4e9d1276a716fb34b4c20eea46ed299289a3ceff781901b8105f7890190,0,na
e4c4e2e1b9f5db2884977d2973628a870f62b9a0feccad50c35373fd02284189,0,na
1c8a4c163a5ec199afec36d1a16dd6bb05d04ae7f9234bdece7d4673d49ac0fe,0,na
48995344baafc9bba04ef4043ad8f321827be0203147aa750d95297f9571df8c,0,na
4de45be16373c3e04ffdac981fe4b14fafed9bb115ff594a4231381390db97cf,0,na
a5c3d642ed0c1c14a524362771de296e1c148b6cf1ae79afd1206350351d6af4,0,na
0ad75844122d6b27832c464ba43c02cac173f0283599a08d9d01045bda1960d8,0,na
9b03143f70ce0da48965202f33c7f423f17b3c8310dea5c973655417044a2666,0,na
616d47ba633bd212a5326a5ab84ee1dab50a789297d267f22904e29a94f2cd5b,0,na
443e3873a57d27c21d1ff56297b219e65a8a18fc99fefbea3786f8efe7945777,0,na
4583f4cce2fdd0cc771bf4cc9365cde1c1cf5bdf8c0d6516df888bbc9f4e5875,0,na
c2bd71b912fa5948de72f048dd0f092677179e70059f6de23083c1abef1b86a6,0,na
5d9b9c19dcda523f25fa8f3437e33c57774060e5161f6a2ea5375c0e857c7428,0,na
5eb0bfa4ff575b86f5b20e6ef8df29ba18a3a7cbf55b9dc52ec913e652cfc3be,0,na
4c54e8e38ff1dd1fb736220e3d8e43666289b00db1b021bea4dcd03301636d2c,0,na
121c9bf9aea0555ebb399cea5977a9158352faac0751a3de760053935bcbcf1c,0,na
fc7ee5a918367b6af04c2204efcf0840a7af67833e3b10f4cbfc8dc8dd6f28f7,0,na
e17ddb0e8b58516c948abf9b9f032c9c3da37923234912ea465d61b3aaae5682,0,na
82f4a41f74d162bd9420b8b8b8c25892b0942dfaaf0e458fdbc2b9f05b11abda,0,na
59e815ae0144a1cd8eb254aa6903a00289f4734f11be419d81cabede11a52f45,0,na
c2f9061b33e9160f6597870a3f96c9637abfd4c43f86286adfd18c019ee728d7,0,na
01e170ed553024262893da3389f5c6c77b63544fe230ab15710977f9b782b23e,0,na
ae9e8e060d82a2e985bac5b64645e196af8412854de5c6e66d5536dca5e6dce7,0,na
d0a0aa795afd0c9b1f5ad3376c7e91f082765fd4d5a28841250329dc25cf32cc,0,na
42e4e1fb63f79ced8c66150b9afc6d5aa33a48c2d9365b6c93eeb7c27ccc8fc3,0,na
f770a047f4633c4e8b40d220fb6b4f93a5afc9462592705cca15690f9961baeb,0,na
f9a7374d1006a5a358fd0bae0f52242db141c49a8756ba82371d525409478f73,0,na
77f3f34be28a9a81bd40721bd78773ec7549af460b3d7e28e810d0c71a2fb630,0,na
24a033140aa29b58e438014705213436e810a2a56ee4627dac07a99851389c70,0,na
a04fe42ee6847abf76adfadc3ac34efc479551930770c028808c7557c7f6ddaf,0,na
c9e26ae7da5749b297161408b6d632d9124360613974242c08d4da03a221cf41,0,na
f3f2569e848b97f90f3fa48a90b3e588a849201606195fd04ee23bc3403ba30b,0,na
0f624023b19a7c861ca70b75a7a48d166678ac7d303815badf6df7655970e14f,0,na
e6f717822d4bba926da76e41567688913b841180ecc827082a1f04375924d486,0,na
8747a3bb4295e6510032b379a2c073ec9618c0a67b7dd8fddd0419c2fed80153,0,na
ae6b16165ae1c1b029883a568c17c1d2b623bfadf579baaac9b0d7a8327a3876,0,na
1ddd3a2df1e1235c83cb736bf31122a145c4c7259a8246832564ea589606f4d4,0,na
7ebad8fdb2fac5a9d6af1646d4b5e32630a3416f6f275bda5d8664e79bc9bfc0,0,na
b48c055d30798628ac393abc3a52e964e2ba3467ff7e2aeeade19100b07a3789,0,na
56455a43c0a558e2a7e33a851dd4dd7a45cff1f125ec4a6dcc71c1662186869f,0,na
ec87332df412302990fdf7bdf3882a6d7fd9f66813a67d8cbf0369b3391f887b,0,na
d92abfe6f571e5ff3c8ef756c06a3827264ddcb71f5722b2d2613cff5da6085f,0,na
1beaf5c9173a8f8211ea93914c767e90f9693393e7e6bb708d567adb6aa3f870,0,na
d98efa698eb9e6c4ed17eb4f5c88fac98d9365c758127c8dd8ec7556e5325b5a,0,na
d5d66e10660c86642b27f4ca5188cb8e7c4a5222891b4058a8c8da173e24fb13,0,na
9cfbd57622f9d0284b3f89d3c81211da5403bdfed94383514a94dff26d313b05,0,na
657f6b1c635dcb3e2df5dc0f34572c7cdc50a96cf85d94bc0f5686bcf72da98d,0,na
798862016a6f1cb293358fa58aa6285fa68121290100978a791a16d5753fed68,0,na
544dfdd76c084cf182122af93dbb9ee4145a96c02a3097a4043f4c960daa4760,0,na
15e244ea30cb4a7d4e08339848d1aaae00746b1dd04e6709647494da0503fbf1,0,na
f51a3f692558ab72b55d2aa0300ae99b1975e426ff6a40e243070754258864ae,0,na
c84de6734e1611a9eb209c4a241ff5c2860f2a5648524391344989debd688949,0,na
e3c5510c5736cb2da4575b7e6af4d1a945add6b3a794bc4668cc377d2eedce76,0,na
9891f5965e86b31d56e6214287bb529e5c31955f8b836b708fa678ec875c2be0,0,na
9fb0245f537455068cc1d9919b7e35de89d158294cf26e1f8ff759fd8e5c64b5,0,na
6c659c35121fbc805681ee4ad9d2c308ec9888053ae060cd85d262ec6d328e9d,0,na
2ec93f810a58c2844c4f0f85a03051b85f41499dfa6ea137ce00ca9d93804f3d,0,na
39b325812170a95c347cb9ce3d6bfaff61ae3c74c5205dcd56fc0cd49f27f4c2,0,na
2eae841c0917e055426c45d290fc861b5243d18b8a95acb86f17bb5fc429893b,0,na
4d970828e70062e706629b7da31a5625922496f142850d16ca32151bb122a865,0,na
d0b856b04ec01a966ed1a5a3dda91dde644843ce3cdca40569470e381793d254,0,na
1c807c4c6afa3a1aaec9edfaf2267b07f5f814820fc3bf4743f59ed590cae21e,0,na
4f2645418dd27a246707f4c854ebcb00e39cf7057f1cd37458d8b8dd6e5c5958,0,na
e293fb7e8dabdd0ae0637604082eea503763c26a4100f2f5ff06bb22a08b95a1,0,na
e6569bccf5ca7af4f9006f59e7cc6f6dd17827c5f51c14447dd4c3271953fa46,0,na
25997549645919f9b215da97c1a7f754b85809ebacb4880a671d690c4f46cb00,0,na
ae5f1a37017c81a647cbf1d97689f692d2e425ed198d5e2af6d8d79bcfba41b2,0,na
807e0d02abc70e2510c3701a265ae1caf908c62d7b98e853c4e2991b9d1eb483,0,na
9c211a76235c6cf2c2c701399984809a5e23cdeea4c8bbbdb9f0e46a7a4a175c,0,na
8dd2a207f0ad433da79193110141c7f1b3b4b03f4967a6ae446740a8a6583f9b,0,na
633380152a0ff35421b716ea4f95c5558eea349f2af0a3e9c408cdc747beabb4,0,na
1c648789081ea093dba32b096e1cdc0c716bb374db1afac91cac774858847e23,0,na
99680929985ad4d044a00ed9afa44682f438649fe6f647acecb5571006a64a44,0,na
b71d07a18998aebae2b6546b340ca4da4ca193c42fe3852eb5d04adfb3cf8f64,0,na
d9d756964bd701ac3096cd4fe6aa5d625b3801e00c38f5e2844bee2da1616afa,0,na
d93588a1ea96534c20f29478e66b6b648127dbb6ea6ab76bef1c237521aba9f6,0,na
e6bb64a82326551a1e2f1ddc1fe791e72ea62563902da7922dafb3ba28bb8ec5,0,na
ad6ec64cd0ff62e82e7b3522d58eadd6d2284bea462f1e5464aa8072df19ae49,0,na
8cdecc5869dd16b8a5f434bb17a4b216eeaedbae0074a44eb2bc1742e8ab8018,0,na
f9c01bbcea50915f33cce40adabe9a39e1663b2998072d480beebc15bc3b8cfa,0,na
61c48d577c70b1a20c7a5f35453142e558cb876af3f20600cb2be03261a78100,0,na
f4e90f3a31b5d893f55ff80d0ce3b7731dd74ebb620cee7a50ede23249ff195c,0,na
446dfdd1639763e3ee82b4a77fc1a8ec4ac7363a450e8224f7d6ca7880348727,0,na
7ad1ab23e557d1d73b7bf0961b406ed4b6bdca0095a8f206c9baffea32b164f1,0,na
ab81e762982baabcc900c14db2b03105b9124b582b393c19fa0fb5b373d3ef6a,0,na
a1c7a71064e03ab3a25499b3270aae6bd5574b07510aebe00ccff932ba8f889f,0,na
10bf990baa65df66b656230a8bf3eb7b65c478f5988bad2a6b234c3cd70697d2,0,na
4a5e9a64ee6037dee3fcb493028fab22bd730d92cf4b1b4b24c1d8c58d754e4a,0,na
6292419cc179ec2ed58e9cf8d08ef5d6469f4f125faa048ca4474cafbe2f151a,0,na
91bc1d6779abe4bd7448134518f40341842f7bf96495876e2a9fe0fa3fbf92ed,0,na
19b2fbed53874cf13a0dbd67eab09f121217a4283593b5d02d829a895e03f213,0,na
ed149d19b67938310b8fccdb75804a630c0a6c98900410d7887d63a015474518,0,na
43bad33989970e261147a479d5a9e79c6c67ad7e9de19b6b7ec2ec7e54903201,0,na
d82cd20442eaa9b6f94f3e1df32026a7df94481975540dc9a7ddb2ed5bec7e56,0,na
f8d24789f87dc1477610ecbfa65958779c1242010da12a81094ec1a76aeb45a0,0,na
d42fb8d6cece62799ccc9b262bc8339b4c399c5129dd915b014eb14b1630e759,0,na
8044d9c9f2bea69d3e325d05d787798e34fe0ec48d6f2005e954abfda09bb413,0,na
225fa448229db2c839b02b3ff4f4884603804af2a82e3e33929a869c06048517,0,na
2c621ad0944f5bb06894ad5d2ed77b840c33bcf9528b9cd16ed8943539c6ad63,0,na
492ce215f6b50cd57fb87e2a11406ee2c1776a60ed4fb88422d6228fc791597d,0,na
7d6b0f662b5ea80f82809cd5c6d926108094f740caee691839f19c9e73a28e89,0,na
f1064f551f439595d5572fae5b3bc14f04fce03d6f9ff0241617b4bbbda26ae5,0,na
8e07abf33270464c001136fdc148e0baa2a91fc21b144b581d991dc58cb78b2d,0,na
9e2b66cd1b359ce93071ec4191114cdc6806dbf229da2cd0866a71914a096019,0,na
3088ead46ea8c8f4640828722e58fb36161554f450b0a621a7753782ee9491e4,0,na
845efda78780ad389cf958c6e590cddf14e9fdaa214fc097101cc35be6d3adaa,0,na
3b5a46467dcd5d19572f9767ca583eb286945ae5830e915bbf511bcbf620d12d,0,na
7136d3363bfc8ee735bf46ba1bb372d29f0184e300ac9a86826b10e6cced6551,0,na
8d7a2a1259ec63b5e15fd1b811808cf1dafa635a59b424e7e1344d670dd5c3b2,0,na
cd389888e269d046bf2a439bd508b698d201603917f777a019d3dba3a584e91e,0,na
c232015d11a6380fcc920b8bc98ea90a31d17db48bff6e77c8054d6266864b47,0,na
c15288dfe361db1217394fe74616cd12a3c3e2ac00515a497dadadfbefccdb0a,0,na
47145a168f465ddcb8454e0bb312de818bcfa2e562ea8d8ee0f88aaa8bc3c1e9,0,na
8585ec2bb4cfe0dfdbbb091a72a1ad898aa13602b0095681a6c657b8dbdb28fb,0,na
71f5f5b49b78c69cde5197c77f11ddd80f744e289cd9da119490de0df9efdb0b,0,na
32de0ee3d57c0d04dc754cd7d1f116b7e82263cdaf60bbed8f2896df9349d831,0,na
f67e9e450282b8d35b201b63a63d0a56c9e3f0ae48c9e5f9494c3e0001b4161a,0,na
cef08d67054d8f8e9ec1ac47d8d1014de3c07cbf9cb41abf2c21fed74d1f0dbe,0,na
ff2149a7b6a66501a2d101bdc3b8193ac8fa3464440f2b92a74b02af9e60fb3d,0,na
9e5a9a53e0fd6d3b4e85f0a07a6dac80ed01cc9e1aa5c47332f49d7f4c706e93,0,na
ce0d0192110352d2ac119e3fb77d968bda251796d4dd56cf0ae97223b449789f,0,na
9bb40b54f204b79078c93bc68c5ec25702ba92052b1eaf00b64b12c5dc2b55e0,0,na
76b4e8c0429088620975c7a7164a84c68c73ab149c94d6b5d97958718961684b,0,na
1cc7bf7e8be5f44a12bf5f0943a7523721bb41702e26023328ba80b722d1052f,0,na
df218a3a423da0534bdaae6e146f91030c14f347ef7f71b412f9ee3fb0bbf3e0,0,na
746a6f5d2a6c27f2a5befcc6a7071d719b9078f126788da268396db2f8ca044b,0,na
0bb179ff82b5cf941785009ef7935fd508ab1a08a3f5bbb301b017487a7713bc,0,na
c6c1c92c7c4455c7e65cda0f59921059644dbb4b896d3cc185de8afb37615dd2,0,na
636d01aef11532d39fed9a2d4299c25830d476898eca727ce979a1b1c64f7d64,0,na
352544a0359bbd9c01acd942984a91c0eb2a111371a071d60aded24084461bcb,0,na
ad87fa5e3ef8df99fa3b9f703b7965d30c4f8353511824e2fc4bb2f9e7d5bd9c,0,na
22cd9fca76a7ad852ae776f6e5d42b5dd550023ee5a4f7bb9850643f6f0d15ca,0,na
7ca25ba4cfb8656bb15fdb7748ae4a11a25cc16d1b72aee857119fbe99889e2c,0,na
97ed08602af6312292f8cb359a83bf68fea539359bc668aa2f33924c2cffa954,0,na
256b59a81b8154bb1dfd6bb8e6188c6eac275965105f830d115ac7feba24fc5a,0,na
0862c9fd681333ae1b014004e9f5f3d41d37bf060d7710d8e06c52868d968863,0,na
2aea89bbfca804587751ae8a4e4de8400c958a206429fa50f2f83bac4eb10f32,0,na
fdbb116609f0003907c2cbda421b7167dd283a202e8c38c6cb92f71c153e7c1a,0,na
27be32322923145019b2c940163687b7a7bfb7fa00e50f5c6614f8ee9b72b291,0,na
5e416e41a920d12f379081446b87bd6f2a0bda5db44c40898df4abcc2f48b644,0,na
45b56e51d71fd37fe9f90f1d4c5a6e4e4476fae9bbd7198cd3a9a096f07953cb,0,na
7e0d65a956a483b4023ae17976f4753083d98dbfc69d174f24e5c6eafa48d917,0,na
00cd456b97029966f53f19aaa6119263e94e1ae6ba152edb1e1f6a4b80447054,0,na
d52e6700bc3475f1129001725adc101e6a3a8420b9dc2d5818825bcd3032070c,0,na
8b9bd044b85f87ed076681890fb311073eeaee4f1cf4bb151b15bcb52f4a3005,0,na
e578115a32cecfff283eac473958d7f84995e072200b9be6c7592ea6a0ba8df5,0,na
517e71de09e8a2771cee2ecfe072c4a6fb9bbfc653c7591d492299af03e181e2,0,na
c96e5f82293caa17bd803e8be3551581c782996dd57ce624d525c18bd2d13a0f,0,na
b3e2653ac69e08943d00934ebcc3bd2aeb273a488ac17dc266d06489823f78e1,0,na
1b56fd062e62dd429119723e15a24d425ef39d2ce67c247eef096dd0232b483c,0,na
eda4d8174d6922035f9a5fe46ba2d6f6bc2b0d1fd2be72c25b91435b5ea212df,0,na
202425c11012ee9c7807a233fee7a07a7ce5a25a6492e92729b6ed32b885186c,0,na
f863d840267af2a629fc63fbafac9025f011a9a40a491b2525404d604a165405,0,na
452b13f05772f356eb0e03f0a1e43d897eb29a0f823a4f1b6ffb3b7ca4adcfb4,0,na
de3ad31e223ce8979d03c6c21f2bacf6310a043ee78823a0e4e784dd998d576a,0,na
a7a27dab679e2b05c883b4439fcef34d0814000ccf9348a3c4d2182cf8032c39,0,na
c1e9f277f8ed4087af3b379f0e25bb30a3148b87e5c132bd0abab3645d03cc16,0,na
028fce366970a7732b78403cdb387ebed774329d42bca6e2d284fb2f9ab1bc13,0,na
413491869081c2ce21ce22d979474ec60f4362d7dfd871c8616373e661b0a00b,0,na
53e1644e2dc2a395f454e788a01a17b0b502e48e2f67b2aac4657235cacd1440,0,na
f674d97deec58118eb80440869862268821bc4f8dce66cefbc248a33a6c6b4af,0,na
d46739013fcce9c66a6c2db40efce1c8e9b5a6d158d0e28ab56eb6e7a529e1d6,0,na
697d318f19f0ab567ddc76407dcbb811bb3fc3872d3089964f7a1f6774248cc1,0,na
90ff56221bfff3c20c2f495e87a5144f0dea5b8fc3a1c4d402b3a474d9a906ec,0,na
116e606c6a44b44ab0373b5e6c4dc6988d462ce530a6154f3acab4774ab68c53,0,na
990fdc73d0cf89bb64afd50b90e328bcb272fb865f5b6947a7cbab72ed7ea202,0,na
be9c79ddf5a1facc62ff6c9b47f331182fd47efa010ac2d0f4882e3cf57da28e,0,na
4f051292b5a477cb31d2919118e81b4a2ef351c6120967741720014dbac32997,0,na
1145248365f26397c6ded1830fd533bcf00a8b0269bde497375846e770841e33,0,na
d15b84e75589ac425b917fbbb8712ae83bc3c6200622a35191a499cce292e475,0,na
70f29ad465bcc91290aa91417b0055c2921e91219aa70168097c733b7b565712,0,na
11ac0c8bdfefc738fa4be19e6295d36d0351aeae9a5761e6127f60060927907a,0,na
ab25c067524d123fba65ddab7a8aa0bd65c293b7b81b700cc6ba258fe80387b9,0,na
ac56fb004870e60339ce17140ecf6b9c90c097738c3dd9cce4415bc069c81d58,0,na
7e38b266bf85c5933482755857c6e1659a36a2f5d2aa44ec3b9f61b248bff6aa,0,na
15c8267806cd961420a0109d401ef4dc93a87299c5c9b5c74bab2d3f47ff3a4d,0,na
31f4aea5ed3feae33137fe74e62246db1dbb353baf237dbacdc7068b2f44b0d3,0,na
53122032c470db3762e6e6761635f2d4c65714c1b7a696c5a1b6a6d60f7308f5,0,na
641ba5c51bf5052e6cbaf522ae04c28414e3bdd5c17273fec6da7183886d1279,0,na
8955f105c734ac184304c7fd8782328ef7da55496013834606da2fdd0266a106,0,na
2a3c0246bbce3ebe77fab46a06e84c024e709283b2123a0320cce4985cca46b3,0,na
1aa3b4e666ae7592506d7acc873d16f59806d582115b6c6baa7a9bda55053ebb,0,na
ee43d337c870dc15ed016d105fe5bced73e4560be57da072b0edf56f8628201b,0,na
b55a6116b2f289f7db2a230a2309915a72f45a17ca5273207e10ebb081a48adb,0,na
16eb820b90a16a1816192e3dbe838c57b1d6fb5c8f2086428b6ec8b5bae50e60,0,na
1c1bb6e8cf2f340bd3984419f58c900f8d09bb41cb2c28068c058de219b10ea4,0,na
584b81304dc099211b92d51ee0ad19a21ad0b1c3d0fd8f4215d79a6cb80ac1a7,0,na
01239a7dd463c3afe508e199434722bfab1755e66969254935cb79dab04d72db,0,na
9293b73dec4a119385bef029938262029c54c1899de16d5311825a9951b28745,0,na
d4fafecc20d6ff1e7851c7e00733aeea57cb0034af8ce098041f698de327cab9,0,na
4f355eec30fe174e8922e6d299da22cab9317ca45b0f3f5c8217263001ecb70f,0,na
0c4df6e6b4ed0ae7db90b75d3350ecf1c83c345ebd9d008b5d98fcce942321a6,0,na
09d3700cde61e87425ad05864baa47c9d25cdcb04572b55cbb846d3700978244,0,na
5182099c4f0686c6d129a761b4290ccd4c684f195e98a8515a872e925136a3be,0,na
64e82d1d6950270fa56bcb81fec06322569b5b8e590da8093993cd24d9434999,0,na
61281b4471769dc6fc0f8de52d1bc2bc327d54c31e2087c6bd68fb60090d69fe,0,na
e8959a4fe299b566638a4d359dba8e6ba4ceb16aa6d290b432f3649501d684c3,0,na
94be941c80d7f9a31baa71bdaa6edd9af1372485d0143c15e12449f8affc4d0e,0,na
c2c460db0f8bd2e94038d7d767cd17019dc5adbda6c05c7148f8cb70cd3315a0,0,na
0921741f764ce9e4ee81ff486851437ced582fa465cb3f585feb57ec653357ad,0,na
45e527cfc6f3e5d306bdbb61f8081d558eec478dbd91a749a5db75eb3886ed77,0,na
af18b6523d482ab7f8157e0d01fc467fc26e4f49c43667eddab842a5738d627f,0,na
fdb7e01163409630266a4d2b57a25e4acbcff4a952cb0b2588a1817695f87d69,0,na
557c59140137fe55f9917ff5f9533850135cb0ded5f6e2598c687fa1b5a985a9,0,na
d4c15fa6d01422ac7a2d4e72f0eb82467816bd881f753579d08f8c069e297645,0,na
3c7ff768f2037c54fbc771e401ae092c178c42be43274fe221fdb7ed00d9a637,0,na
1de33814431b2eb3a172a94172a34ba172fd3c56ca478caca991d6175bea7b59,0,na
5fd6a933784babf744f52c8e185614a5c26e9c09c9f1fef86bce3ca7c426bd9e,0,na
9e2e01749eee22779bf2a2e8147d40a7f48428ad1b9118a0cf3e7bf22e2a862e,0,na
c2b7d6d6451704627e0363b72bf09ddec7d2fa91911bc66224084906cc310c08,0,na
c473733d7cbe61db6c2fc797199faf53691998d883f11fe8c430d6ab5c19680e,0,na
8ec48e8fa8fc58fd38e2790400c5af6daa7a3c3c7337ce0a8b388882f77611ec,0,na
d14c2508cd6a2911d8c5649993b84e254abd5168f07f2d205c6bd6b1cf37b6a7,0,na
b62f6431208d0e79e5559304ca14ca1a9f5fbd3d75b195724344684bd5a79faf,0,na
241145eef6255424fabbe0973b92d148ceabf0f76966ec8408ed48abe817b4e4,0,na
b3a7d31e7fa5da456790e95dc28b7a3ad01d96cdf920d26f96875abbd8e49f89,0,na
ce7c5fd1e12aa8b83dc299021d473d810d2f79ecd67eac28d7b1edcaf0880414,0,na
3835f6bf2601e09ba1d57db4bb68dc41be70cc080a13496e5706661d4e20db7b,0,na
62a79e5a55a79303ff1aff9105f0c92bfd700bfd2663b2080c7714af08086b98,0,na
87fd57501f9a43f54466df71e11a615fc2e7b6aaa0effd033a0d03457fd4c09e,0,na
8f68faec2ebefae2b4746d0b53def5ee394216b8ee28947a175f54cf3da1b7c7,0,na
3f56c84cd6334937d71bfa441252f9257e299a64470bbdd9965bd03c85b57bb2,0,na
8209b7fd76054bed13d7f696e9333b4a4c0907dbd744c422c4b76fa3cc3ec639,0,na
8f25fdec92b78d7f08c3c8e9b09aed934ccdcb25050b0817205e8a89fb64acf5,0,na
15747d2a7df988a7e997e49ede54fc296125b47494217a57f23960ed742f8f9f,0,na
f526b79aa05a464c77cc1343a862c23b659f27851b579bf7177f75177dca4582,0,na
6f8fa53a311d370a2662780c8b028e4244069582d450d37ea67aaba72ebbb96c,0,na
db0484f668ab4314dc811bfb654ec15c7b71b5198e822e058ae064497010471f,0,na
054fd24cad51544fe99e9baecacb0cf7a1a6db99ce54fa70a707e0c247f8fb16,0,na
f2548b707e4405d90927e5749040f4692bc449f206c5d439aea7bf6259a11688,0,na
5bb7c790f2b757cbdca2a71352b4fcdc14b0577341d85466bffbfa55b039f968,0,na
6a615901af55665aa4849b9bca152e31bba7fa1f2fac277384d75758760c0971,0,na
17d8b0b7dc81d7a4b39222d9cfc5b3c34ba921d359f9658a278d665840f0ed6f,0,na
ec9007182ee3b63245999d467ce7ce12345be2f54276ea1b30663098f34ab0ec,0,na
d3ee24dc061a7ebe845bc1ac141e8d0b23c06700a5137144b2139f1f815a12bf,0,na
236f2c15ba5d27b0e53fca00e542d3198cf0aca7d4754d0201bcf2c44e55703f,0,na
0dc8037247b0aadefb58fa33e4acf13dca4cb1b7e76929ada7432821497600f6,0,na
e6871e0b81f515a5c420fff426eb7eadcfc4b9639f50443695325de81f6cd187,0,na
1ddc7bb76bf99b901d8b5cd4edca5c3cf17006056b2cf6968748c1c4966a042c,0,na
37d7373aec7f85688bfcca772cca498fc7efe04218d24c06b32aedf4491ac09d,0,na
44b81c8cf0e56ad55b5e64f55aac96638b011b447610ad678a22df95eca97b69,0,na
848a8c58a3c78df4136fb5571991b17d6b7bf676763a2133985aab543aed0eb5,0,na
d1613c40c83acfa5c002d87421283e58ba190dd11b9180f266fa5f9efe3892f3,0,na
aa63b215efd7c12efb5db6241eef9ab815864310c9d9c610ce2d75a5e9834fbd,0,na
d819cb6b0381bff80360979939fc57bd56a47c0d24f76abb9fe867878a938c30,0,na
7e4e29f91d0aead13f8d5f2a1c8cf020f36e7409354d5926fd32c29faa6ad4e7,0,na
62d5f37f65d11c1459dc40666a4c27b6d5c7c13851682a602a9dec314376cde3,0,na
9486a989a7f7ee708a36443b3e963a1b371d7e7e1242b1933f2fa90eb199baa0,0,na
39cf1a1dd462a94eefe22e96164a7334ec95c2f665722378fa416d5c2e002af3,0,na
42bc47e893a64d1c46a8d8d9e8174d01444f96a5d7d4b424f6bd9c95e61d3578,0,na
149043342a846602e9f95a47f621ae9b740f97147926fcfe43c71389b1587ee9,0,na
f156683954134ad7830d59013eb9391dc97892b08d1af2cc80dbb79085f6a42e,0,na
a9707e7815fbc0b2317a6bd6bca6417635c60d21d7451c24b86e2ac9c33e4432,0,na
e32dd5d9cbc4d3d7bd11d3e2c910c5f30b1964753283d063e351dd38d8ef8e41,0,na
e2f56cbdfa12153e6dac97d182428fc8b985407622c271080de721ebc4f7261a,0,na
6e69341ea45e308c82646e2054b357b3c8cae840dd11b43c80490fa4dce0ffcb,0,na
3129bd9e0f3a70573d78a6cd47c0e966dd1291f16c599b61a8b3896f39771b5c,0,na
50fba390a2ead2d31938a6f3b4f0d6de9424ebf7f499890fb8defd8771f97e9c,0,na
fa47c896548066f518a9e491f2429629eb7924cefe228119557257b7bb313571,0,na
d5cc68b13c825df20c438c039b2e281a43b56f3b06c26665361f8628d201ec4a,0,na
47e4632500e46e44f0b6de2b48470b0394a8a0cadb7851b8636734d53a2718a1,0,na
d8e32f1b2dce4c25cb42e461e8d9c8158648968a9847eebaab169d11cafdd9ec,0,na
16d09ec4ddf700ddfc87ba37a4c04763da7b7da32d8bb5c85c41c5f3030f88e1,0,na
a0589678f1f1c1cd918a16f43662441b51d7687b3462d551161b4bc2ce729f77,0,na
93d06ba0b95efa6e975274539db1700e750548428b22a5c2a0831f0717b118fe,0,na
bf1d49850b0ccd73b9ac0d7d51c2c4de2d272de16da34136493bb706a443cfb0,0,na
f487be1d593ee59c7fb1a96bfd95ff883d09898620962a728d485e9c436abbc0,0,na
ed52464d601dd7d2b22b0800f8a0d360a7a61ecd04a8aeef6643d9cadd73548e,0,na
96fef36ec5d9d4e868d2fd21155b7ea1b2bd8ce7c1b2437e8ecb3be1a1de95a6,0,na
86a782e6b10a1310d3b3b1c3a0ff5bd53425811ffbd17885fb74580708b84eba,0,na
ba9675b49a01769abe41ca0efdf6747b519bf18bcd873440f1e2ab66b0561a22,0,na
a0553655948d18961c6a49d7b125217784635ae444e46fee5af88ea152f16592,0,na
97153b11568d9c3c06a55f611219c03e79993a540982cb7a8449f06cfa312576,0,na
84420ab97b00461a07a070e8736a72a115009cbe75d4c1404d1a0bc5985e64ed,0,na
6ebd860f55de8a15b54d67b9a7c945f716baf3fa107dc594669ae93191a1f8bf,0,na
7da8c85cfab3b45798df6540bed728c2d39cde62b061cde10079320fb9b737fb,0,na
788ce5156c5479e97db867aa05133df83c0037d9a996b550decc99e4105f89e8,0,na
147222098db40e0ca1ed4b210c9fdcc1a181a00d142ec9f01641d521e0bb2544,0,na
fa525dbefdbba409363d74b644e1b3669177d9e04c48939655f40f67148eac4c,0,na
a8c7e99859602489111611ef3882af72ff4f69be4f019309f967eef85bb9d20c,0,na
186c6bc2eacbfa2d1b9133f926b2940ec882808f4c76822188833fbcb55379f9,0,na
985afed2101e32a0cc55dd0374a3ff8d0d3f5c1a8aebe17e7449644b0b318cab,0,na
fc807e301442bda24d6f53675237b247b9b46e7c7a78ecdb76882a154cae9ea0,0,na
7acfbb6f1cf34b12d30a63f1852a847740ba84a5a5dc1e0e299d78c3da2974e7,0,na
4c171604bb08a70eb04e79a9bd1ffb77d051920d3783ff11dd7d4170e2574203,0,na
5feea1cc13805b9a454620fed763b4fca56e9e0d39419abe5796d3a6952c8e3b,0,na
564475c4ddc051511988b8be3e0777e21f2de0ee885fd69d5d2338e919fda1c6,0,na
9ccfb32e93ec3d6164cff79b98774368a6892c0ac364b17e016e68cf4c6475e6,0,na
1f6bb33b13f8d49313a779f997743c414f8e4a1bc9fab37be357bfc4c2ab3ef8,0,na
e93160b679c07992dec03c0d8fd4376dcc84100a9806ca55fe18a23194ae6ff6,0,na
4b2a568d297e7f2e959b0e4290b6fc4b02671e2f398a509eebd8a6625769e606,0,na
fd290407c646e04f6ef9dc7b17cc2e0947381dd317ee2b9e998b2592c205d5fd,0,na
3af1f5f17b4de84068e70d5d822803384400ce1d6b8dc27e5a40bcb94ca7d03e,0,na
ccb6d931a0dce9af87fe7946ddfd85bc14d778e78e50d9bb30baf1bae11f2560,0,na
e56905c4ea6535e32f96ee83fb505e9447907d8a4e3fbed6908cb722cd33cdb3,0,na
48e52d20961bac4ab6ccf882f8b593ffeb17806880c6ef401b78bc3dd107a39b,0,na
66675a50909e9a8bb29839716924d7c046558b607c928e4c7ddc1a8256391b67,0,na
095bac18fec343c3c9602b8f0d53d25efc3a34e481477d5fe231e1bf933bf998,0,na
6f4701be2d6415f535f5e329102e35535dd11c3d25afc6db9de8a4eb14d0dc39,0,na
6a40014ea614a8bdbaec51bed420e3778500e2ea93b86f62f389f19499ae3412,0,na
87e946b5659c6f69af9bba28fbebc69ba7cc9a1e93d87330f54beae5acc28488,0,na
e916a02f0410fcc7f0e68ef0823bb2df64f84b55f500eff7cc76c37bccc80361,0,na
abfa96b69a2927a9437f530999e6ee7977716a59f3a46def6a4fb4b7074dbd86,0,na
92e1ad7f959dc02dcc0f4888f47c4c209daf6e944ee412c9745fffe423c9960e,0,na
e64bcac3870f0848be0c1c1556ef0add357f32d1c208c52da4279665c51b2676,0,na
7aedc2207e174cb4d9c4632c014984137d64fc10bacb5d9c9063d3207b472f3f,0,na
d3daaff4c9d2d7d3c6d8a47b35d6689775bbc983693d5ac3a1595622b6a4c8ce,0,na
00ca2fbce7695d41204385f54a3335c988fe9b2956efc5cbb5332d1032dec774,0,na
d69ef693d3b20b1ef73addb82a770d40f9c3d57f036bc17fec6bc46432906e5b,0,na
d590a10e29ee8a1cc906f7681d107d1b87ed0c4e8a54bddb7280dd3675251f48,0,na
7b928600d612d61a210e05b0a223d0a9e73f3330c39a660eec9f6529d6532ee6,0,na
0f5673a57761237deb8f6892b2c1afa4929d016ce6755a71b2b1463757afa498,0,na
9cab017123740f8c19b61ca60596e7e40f296fba0ef90f6c10e4250d14710c05,0,na
ba8489b4c8b6f6febfbece7f09841dee26985843b43102309124bbe320dc1a6f,0,na
5db551630faefe6c7c6bba68dd802fd3a811cf95a5ea6acd6e1500eccb6fb570,1,AdWo
c7bcd39381708bcbe17a54d828cd421b364023aeeef10ac2ebd060c2e206a7c5,1,AdWo
dfa13fc5a6997a08322913eb9abc617b838f0e1049684555f092768560ec934a,1,AdWo
1ef23e3ceeff3ef16de3171830bd29b637e5c485d3e24d6c4dc7e281c60f7493,1,AdWo
ce9297c6a1017e7721187eb13d10b2bcdedb915c656fb31ecdc921100320b8b4,1,AdWo
d20a005866e991e13c2d7138fabea0b55e0b9b810e75923fb466b563d37aff7f,1,AdWo
2ccb533b4e0c49c177827df7372aeb7501951c3e4fe3785d7e401256dd64604c,1,AdWo
dacd60046d80005d64f876569c162fe1de3c5117bda4ac8ea59060b286d7f2a6,1,AdWo
687f0d03938eb9116056dd254f3cbfe3e9962fa16b18de40cf45e6536773be48,1,AdWo
f05d0f6a08c76c6aa03039b876a988a1d6b35fd73d92eb1a52c7d41847c9c567,1,AdWo
ffec81f8fc85f7dedeac36471aae4961de0e9ffbfe9415edb358235226760f4b,1,AdWo
73ca7f7fe8f76e53c4b6b80ef64a927b52e30ddc3ca17d77a70f7c063b936dde,1,AdWo
75af45f3146b1f326de5dc1d4ef69d2dc04194181f90bdf7e0f07d2202dcfdf1,1,AdWo
28950b7e935aee50eb3fcda01202f960d8778d213dafde1456450db0ac2523bb,1,AdWo
3ed12afacd9e9452472cfa459fbc22ef0f8ed3953381ea8aaddc9ade5e33bdb1,1,AdWo
1be6600863527c18ff777b1aa8d879ace0d103a80057f10a77abae8a15495af5,1,AdWo
85061e87c678bde31c4dee04eb86b0a822f29ddf626ccb7b9dfc7d2426da04d5,1,AdWo
5943f3c2de324a4e142141254f059eec98bbd188dd7b0216572bb4b8a21f9f54,1,AdWo
bff49ffe900291fe7b3a74e192e2490ce7832c32beb9c19b95b2b28853222d6c,1,AdWo
c5551bc6c69589d740e6a59a5f27c859acc785e1d0f73efc912f82b9bbbf8127,1,AdWo
495cfac0a64e6e8ff6e1ed920b3a3d8c2f87a83625e7a34b2f37ffa2bb6127e9,1,Boxer
974603c7ffff7255ba2f91311a78fe8e2c2a3a1f43798db1ff9530fcfc243ebd,1,Boxer
859106de0619c99cf98e9f4781eb971b9af2d64535fbd01e879d9c38b862d879,1,Boxer
df02e5d89b62009b84856dd91783e7fd20aa17b4916713de7260bf20fbe1be06,1,Boxer
705b1791a67246afefd7c9eab75954e7c543340f3f4fa9d80c3fee1871305a0e,1,Boxer
07c0c28f96ca44751cd9fa3c239c41c2f75ef44f0119e347f188f182bf0fce4c,1,Boxer
96bc06b866f76c09b6b8cd57886220cadd5ed9301107385762ccd93a75074529,1,Boxer
713953acde7793575815ce69db815873684d3c7eea4ad168b66829ebbfa8efb3,1,Boxer
d1e25d3a4e8976a0ec4fc278a50b0ea861bac1d84b852183873028c7fa2664e5,1,Boxer
711e942a4c3a6b26b3edc5d61b09f2cacfb8ca7a66a656f67f16d4425acb28c3,1,Boxer
37899d2ea583fb44717789f68e18657b38e4230a33ed6f33d8b663a79d315ee5,1,Boxer
89db37a3ad32a0a5d4e72e0f7abd55fcb28b814aea85210192b74950e103dd9b,1,Boxer
9caf7658981667ac1716f7cff29538dfeb5906b9e4d3139c35a0c2ed0da5f275,1,Boxer
eaf327c6985b929cc9714fc1f69f3aa2e2bc302ea9bcd1553d91c5c8f97fd5ab,1,Boxer
b3b3d9f5532e8edec21c35f98c5e27b77cb56ac318f1048e42ab77109d485630,1,Boxer
4fd0f5192fb510a8bb6d5ba95e31b12fd4eb9a78457281f7c8cb396629e3a544,1,Boxer
594a22a59d6cd69deb5f84f0fcaae505890905546466b4fe82fbdb128198c3ec,1,Boxer
0f70a976c6263ad806fccc25b010a5a3886a334834167483f50e106986854a7a,1,Boxer
4c2bc67effb5179868802735321757fd12897f9cc09b5f7b095fb694cdd5e833,1,Boxer
07785bea23574a4e49c58b01dd844239e31e701773a2b346a52c3893051e4915,1,Dowgin
854ed1b9e779673aa64a34033c4eb7c0ba00169cff1f5f343db2f3d8f30d3a89,1,Dowgin
8e4b5b8fd4ea068918e4a24e1dc9a7fb434bcbec3a27d52c4b695a1b4d6f3036,1,Dowgin
932c9df6918517420e1a682e1549db6b9f427e44584571ef5f8b0a03483be3a4,1,Dowgin
5ac572b364cdc1384c88f1680400d465dc91a2059b11b1b4bf7809816f19a5eb,1,Dowgin
b69fd4100bd2fe3a0febcbc81f71b8e8a923bb35bb8b5356b9e804571b00014e,1,Dowgin
0ea5d723dab5794e2ae2c0c3fa17ab93f8cc852373a9c60414cdbf023c8f2fc2,1,Dowgin
6a5d00a4660fa32959a09779c752b2c578ba1c2314299c0fecc97f93c4625db5,1,Dowgin
b2e83c10bb418078519fddc5e4035fdf04c6d278a135c2ab63f1ffeef4e939a1,1,Dowgin
48352780b91897433ef3712cd72cf2b7d61e90d2b183b5400f34eb8f0a49cef4,1,Dowgin
22bc7d853672cd1f2cb82aee1a4676f45cf61415d80c2ae19ab2b3070d5d7b68,1,Dowgin
7efe39901360767978ade0bf32f023f0425f725e06da3e8e805dff1a7d1cd552,1,Dowgin
32257413eb6e16b66607b36539ba2e1d9bcbd9b1532ccf7f7bf6d54eafe0bef9,1,Dowgin
64930a4bd73d522c4062ee0ca6ea64f538df6088e5ee28b07339c675274d38ea,1,Dowgin
73fca4f6beee267a04502efcf67050143c00f2d56ac2ed3b006a8ab3c4ccc8ef,1,Dowgin
d99b857184f3c4a477837a90899432dc9aebd72033f5ee0935328f3fb587a474,1,Dowgin
5ecd93ba704c87a64b563b007ede7bf20a8bf9e502f84ae11ef7bdfd2c8e1951,1,Dowgin
7ac59498e5510c5482687ff347b18dd5cfe071868055f9fc2ae8750c72e6a10c,1,AirPush
830f5de1654c0728da7e373e9ca6fbfdc3f63d090f8e9f282e4b31aa28968e5a,1,AirPush
3ae499188f215e99a1266c253e787d379cd027ad770563b24c8d9dd310a76138,1,AirPush
3bc0478c60dfec82090c5c286d3b9f347c24d1bb637c7535294a427367a208f1,1,AirPush
e84c8ea5903e6854b00a67e5994f68011dd117657cfa4ccbd8c0db4eac53f406,1,AirPush
9dc67d7a4d666dee963d58143a8955d56f7df57624e5361c8e37f1c7f8134514,1,AirPush
ec0edd40e20b3bf74fdd2d4a5c6d38e4fa145e73f30572d0645ac61598f10f27,1,AirPush
88349994a72b53f73a919a8d4485cf9eb12d68a8eb39097d99c3ca0e713056eb,1,AirPush
05381ffae52fcf23e7ba2d818986a5a5a20aea6008d08c0a6f0face0727de5c7,1,AirPush
69d1aa0c73e931799d9a4f33598e08b075f48695036058c061039177e8f273c9,1,AirPush
b0906220fbfd4472a5cb077ef81b592c415a76f16f85b79bd96028b4a2a7efbc,1,AirPush
da6419bd9c0e7c47dd7b7d53b533b1f84ddd93b0d6c343dd23adb6b890da6cd5,1,AirPush
2accd50a1b3c56225dc44c707c519d0d8f392e33aebfef3e60928ffc4c6200e9,1,AirPush
43fcdc2e5f0d5fb5126217e796ef32f274d6faa94bc08744188a018c01d9be43,1,AirPush
63693bc7910c5e943936eb1321a0a23e3e138c8dd870920481e4193c250e3ecf,1,AirPush
a0a11f1977a40a3ed8e40f54ff8e187e1efca22a243e8019b6e363246d11d660,1,AirPush
c96b1668099312db4b26f783a48c80063d3216821ef22f1d0f3aa183097f3b91,1,AirPush
a4f9bc5f067bd06532b123b44848b5f96c12541a3cb381f571b0c9fe80a54943,1,AirPush
c88438167bf5baf86e2ea2764dd6f5e116bcfdee02a7688ac3a4472ad4c6f740,1,AirPush
a93bdd6d507e03bb827e5cd28b40fcc2aa352de5b5f627f3a5a5eb879c3fa711,1,AirPush
ed59ac557ec77b90add469a2bdffd2f81a89ea93994624c57b91891363902e13,1,AirPush
11daecaf5213afb55dfbc661516217c0538cbe182a4558896b93f6a34eaf204b,1,Gappusin
ba1d8af244c81204fbe6e44a9acb063fbf7a0922f253980a8aececf3397759a7,1,Gappusin
7b43c9d76ca966cadbdcfb4af4ae54d9728d36321e3a3763be82d15a68c8594a,1,Gappusin
58a4d27dffa638939b01439c2eb0d5ce52fb5df0e32b75217a19a2ee8b54d42d,1,Gappusin
ab90e0c7181db7afc6a51cbd2ad65616d5d2b14d3abd2ffa0494815c26fcc3a5,1,Gappusin
2fa0e3d7b464f0744ddbacd09728580996fca82f3715aac416c9c40292341cc4,1,Gappusin
5fc53f9ebd4eca719ba2471b5e56fe49fc866d4feb011c8e052edc8f9f681188,1,Gappusin
8d576730688e32332a3de52282d66b0339071e211efbdf0fd14272111ae58730,1,Gappusin
1a03ff945466afb5f94e5e03ce0438c32a7664183304073abb09f8e4756026f0,1,Gappusin
8696ee9731ad3b1bf0663dd240c4f28fbaf08865c72c6f7bd73f381305b76363,1,Gappusin
00243c1c4e1e8d93ef67a92f24a360a1d4366da9fc552acceaba889ee9d9b8df,1,Gappusin
99707d7327de9ef7ab853ced3f55b2587f5035499b71f99d8e8ad137b7d0a930,1,Gappusin
465431e22abb3674622151a79d6ef30146d4581cec4184a239fb673ccdd3449f,1,Gappusin
5acaa1749057d4ff5d4a7fccf22deff0a289659103e260a451838b7eced6e3ba,1,Gappusin
7d85a6047e66588f62f19554246d481be2f8e6eb9c16cd1b6d6cf7b950bdb09b,1,Gappusin
49608341a050dfd49ff3706a8f6fe35afa30fda3efdc2e88c3d50c1d037a4e93,1,Gappusin
302d874b684c62e76d8c84b2f5b2435769a2f07546090c264f8f1f308a6e2b50,1,Gappusin
7b84786260571a7ee97402177be5a2f1e2559121dc5c6e811e4db1ff88fb9077,1,Gappusin
29a6b48363accdb0ff8d59cf43548f358fa2d3c9bd0eda9b91830c6bece78fae,1,Gappusin
ab80bccd7c32227db15d723b9cae28c2fb9ce631e929e81af6cdc7705e35bbe0,1,SMStado
df7a8a3dd06a8c1527c9c242e778ca96dfbb4456eb5e5773f8db7d17a403899d,1,SMStado
13966422300fec28870bad16dde466b67b16d5665e9b1485a73fd87581cf9a8e,1,SMStado
d205ecdb0bc142cf3823f2fdc3cdde7536094c6c16005491e8a98deef90af470,1,SMStado
669acb95aa9395d0ee1359e12ce9b18824db1c42574e3f82ac8abca317a63d9d,1,SMStado
c816e1b9439b6cd1dd3ee325457f17cf2ba089fdfe6b4c06c82d085e7972b92b,1,SMStado
43d9e41e4e2fe6ad13cd537afa1caa8e04e7735af6abcf93adc6c18c9c4fc2e4,1,SMStado
5f4c5832311cf7f431a4f173bfc9cc4b25043a3fd859b36c32c632738b75ad11,1,SMStado
dc05b239428303998494a769ec98ed87dc4896b326984b3e58c280fc4bcf17f0,1,SMStado
3f5839fe9b682a35e921f00a5b6f691032b4dd31425655a60a5811e609bf39cd,1,SMStado
635aba80de151277c89dc7afbebf4b2dfe657b9b92f6af5d8bea339f90134d10,1,SMStado
50fa2a24c9fa9006d9b770d9ad82bdd3c7add8625f7a633d0a24dfa559f60e6e,1,SMStado
0a986a41f4f914784a0a79a22a49caa23c6ae717699759b841523cafb3657789,1,SMStado
eba77c46b5c6d28e4234f7c8200d1f0b857af30930830388e6214554db38aa4e,1,SMStado
db70e1509e06a822d0e04d05cb85fd8d6ffaf8e0eaedb8be7696bf8cbc23dfdb,1,SMStado
99cb0d0fce9ce5112d3f8fe6d743fac31af8b37e5b83e68da0e24b8029f7f59b,1,SMStado
65a536de6324d20a5d7f61102ee1cdb4fcdcdf98c1d86dfbbbf89bd884e68633,1,SMStado
65108ed27ab5596f6deff9f7a5597d77e84e7e3a9b14448d42006da2e8ca44bb,1,SMStado
96071498d685eacd356ddb9d204646db66ac986981169e2ce8cb733a80e6da47,1,SMStado
8464fead19c7f525cbca07aeacb96f716b19c973cc9e08adf5087aa129d2820a,1,SMStado
644e58bca2f7512c47dd70d1e9666efac52fe0a5c1b90d6d7f2af0f9c5489802,1,Counterclank
6db10b8416990d5fad386fb64161e7b09fcea08c588b10a6b01dcff4486b4729,1,Counterclank
92985a07222ac62e7291b95bbd983a49094f5922d86772265c7859bd117db71f,1,Counterclank
82d3d39856a42429622f35de525c1127f74dcff404c4b99d8ea7c6743925c6ff,1,Counterclank
2b4611729add2872091628106472a63a1ff09f6bd2093ecc44b49a5e4d8de711,1,Counterclank
e0dec67af16adabbb7544c8487df95cf4cf2771b1fc3e8200770d8733cdecd4c,1,Counterclank
72003b49965530f10330ff85257d795ba5e3cbf3661910fe5a21a656eb4e1d01,1,Counterclank
e597e600b05a56ca3f9603051ca2cc6ae284ab022bb83a9b37b2eaaffa667f02,1,Counterclank
b352b016bc3324d59dc916a79a3beb7d640fdb5a8eedc81f921fae88b1ff4e9e,1,Counterclank
61ac5c6e1d65c83a24f0cbd04522cf191dd482f4e4880e834e4eb98857355f15,1,Counterclank
d61e081dd48a04c09fbe48bb6c846c7c9e21da4da54b17a3f75f01292b01f71b,1,Counterclank
b396dc5372d24b0a7ab4bfe374a93394ef3298f63713944ea31a02b0e1305b38,1,Counterclank
814547b42eeb60dce61460ae1786fc676906dea6a0945d7455bfaf7d7362a80e,1,Counterclank
94201bce48b1aedcfa0fa9d5d864afae3f52e9f99269b9c81e810db3627982ff,1,Counterclank
1a6e6bca561c4bf682a5db13dbcf93cd05f3f585d16d0284c4097beba8ba82d1,1,Counterclank
aaf57d5acbbf66579cf51eece9d71d02e9a5b92f9bca01da5d086c3e20eed8a9,1,Counterclank
2916633f5b9d352f49e9fffe951fdd8d2e61a0658a7c1b7d50cdb46710e1f498,1,Counterclank
82e4db9b9ced3a7e76043c1e4ed4fe4e87c947ccd6a225593fc9268f9681049f,1,Wapsx
3dbdd3fc916a7f97f77f97cca9039c242374c17d31034d0df4da1848952fffa2,1,Wapsx
c6fa652a7d6449a5caa77d67ccbd8c8ffd8535c26f8d1345f177e817ce9e7cf4,1,Wapsx
6dd907a1119fdf844b074cde4c8466756230cc8209f3ac64bdf847484f01df9c,1,Wapsx
3dff508508dfc10ce0ea830bceadff474f5f41dd42bbcfd5086f229afb26b977,1,Wapsx
9b3d5571f88f71a98a0cf5ae906f5df0daa7b0c6a18b45d72a25030c67a681d5,1,Wapsx
86fa2c1e83e072b33a16ff53252c20ff48008b98f4f45ecd4c2cfd5c68b1c2c6,1,Wapsx
d5e46f4a3812a6cc880d5e55e60f8568dd236867b8788a5333d3c9ddad9885ef,1,Wapsx
5669dfe612dc1713acddb9987910f3edf9079673d59332c9355c90c61b2e8f4e,1,Wapsx
0149b02468a8e582d76a7ad5094c15a4a07f4f08361ba5b539702d77babfbbc1,1,Wapsx
e5d7a5c68903aca22f0207d437effaac8f4744fdd8d6c277a2bd6fecbeeda204,1,Wapsx
a8e029ea800433fe6fc6ebcc677f922387d8fff07871c5097ba5d7bed70ac15f,1,Wapsx
27f0a1484ace19692681d3f938d161cdbb943edb2452674fb13599be71f9c665,1,Wapsx
a6f4b4a7ce04ffe89a9d6467d1f4c10e636605fbc4813320bc35685e434461cd,1,Wapsx
e7f2fe50c2e5a0a916492d0454d871b52035a468220bc1324e054810f2e36446,1,Wapsx
0ca33559f1571026805258966fb9a81237abae3cef6878951a17c2421d2c491e,1,Wapsx
99853a98a0f2b22d2baf1d2522386b991f2d8f2ef6e6e7254c707ccaf53abd7b,1,Wapsx
c10aca87b16561f373c5f1fbcf0a79977f33b0a4b73796d78b9ec102cfc54a4e,1,Wapsx
69c6b44c9a14c0e5593364bdd937b11dac1956889c5deebe6da9a883e873523f,1,Wapsx
46d594e738a118c5aeb53f01bf4759df0887342d920fb08e322bb6d09af8abd2,1,Wapsx
2ba60ed14cf1e50a22bf1888c0ae76f0ed081dbd4c2b3f4a826fffabf85e2bab,1,Wapsx
7f3b52167fc615a88158a96247439262cec33379f2e1785b515fc25b7b5bcedf,1,OpFake
eebca76dd8d9b2e957d8c0b9dc7135f882d606a55b06be2cd340bd42f958f60a,1,OpFake
27d057b68636ffa60421c2eac12a1cda38db6ae1a833fb226526278b08f965dc,1,OpFake
68e19dc7b1dfe4dbabeec96a0872c9675778e4d7b9eaea11c0dcc8cf8aaf1080,1,OpFake
54349c7c1990ab2fae722e966a161fa026781a4511072dbf06c42628992c1c7c,1,OpFake
3ada6fbe482d81ea4523d9db4aa3c68a70ac413d5b0f7c67a271b22e0ee41868,1,OpFake
07892882ae2caa4b3960a2f58b0f88cde17f49dd919bd80d11d81c4ffe8b26bd,1,OpFake
c59bdf793ac275f85c8cfb3ac6a1f752d43acb542236b533679bf14616f4eb4e,1,OpFake
7c657e3c28c99e5cc336e461759d1ca3ed625b6b069b41b9187968f713d813eb,1,OpFake
3d53981eb03d10ea85957d691bf60db14615f26c34a62865999bc52a33f134b5,1,OpFake
146c3f0f068813360b255b4687aaa0ae862a1daa8c44f51207007f6a42bdbb09,1,OpFake
57eaeffa8690340493bed1ecf09a3134a8429f3ac745cee56afca18e25c0f633,1,OpFake
0a3f25c61d2583da1554e60258facaaa84908f5346841e2c752184f1731ae177,1,OpFake
c6f351a8a9bfaf6436d4a0ed489deb51e12d7f270f05a75a72004758d07a5bdb,1,OpFake
9a6b586a12a84617cb36959691638af23ee7a483a8037602b660d9537b87700a,1,OpFake
40ee118077e5f9ab7b92963db94f21e1c158e3ab83129392125331873bcf314e,1,OpFake
5768743fa54665d77113481e58f770fdf19a9fefc752d0c88e67b5cbc3e17ce0,1,OpFake
7a5e78bcb21c7be4561859d6a0512210d0cbf51d8df8fcf311768b240e7a7ee9,1,OpFake
10432cd1c2ed3a54624bd21c6ff57ee48e6d558cb57cb249f27a6a777f124fc0,1,OpFake
3a82ddf564c03acc38c96a83b760602129086064abb958ac8b32abfa197df86b,1,OpFake
385ab1ecb992e3dfe9dc10560cebd652c4556c4203f42680100c68eca2abd454,1,OpFake
471544d8aaaf11c8eec3e62f45930e18020ced98028dd303e41169f951a3effe,1,OpFake
03e78b8c2e225f45eac45034ef945b167cc328a8be036d73b0b74f4c45b6c62f,1,OpFake
f323e4829e4b7f9e9b29ca63e808b9e0f3bf5e76aa5132deb05fadf3f175c507,1,OpFake
3dfd6b2e319593329c6785249fe5fe200fc773c6e6e725410815db66cac801f0,1,OpFake
821f4e97ee53d1c0bee1b2d233d393352039e2f663f90f6b549fde0884538ed8,1,SMSAgent
5670871f355de99501e31975dab6418be1af570e0f2e3f5b27f7557c082291f5,1,SMSAgent
271821161bf331e61fb763a8e3ff3689959e0523ae7296857725356a81e15cea,1,SMSAgent
98434021b3b947125ddd732aeec98b72fac191eeb0efed6a000028ad30fe1a3e,1,SMSAgent
4b71b059513406398215b73701952a58504e73d9ab004ebb8f69e0112c768d4e,1,SMSAgent
3ba1bdba0c0db22cb5662ec49aea6e291aa293816ca2dfabb5abfbdb66fcd821,1,SMSAgent
639b6e1400e071387cd97b72d688587f41ab753be2727a33623617578d165dd4,1,SMSAgent
8e2215bfda8db88d316100a97cf257589dc50fe5bb52e8d20d1f29918297977a,1,SMSAgent
cedb18f8fbbe5317263f6045ce27840904c48bfc11c14081380adf662e25467a,1,SMSAgent
680813e8e842a72bb02c786dcedb7c0fd31b8a09e784952a405e4d44d174548d,1,SMSAgent
ece8b16f14f630fd72335c044705ea5ada07e90ed338e92c58e195471068177e,1,SMSAgent
e5722615796f4bed6b28a1ab0e93637dde7cf57492c76c1223fc29138df527fb,1,SMSAgent
7833097ff5efe16e5a635fefe4a3e258e63a899047549070166a75eec3da8071,1,SMSAgent
bb528e805f72533f96e498061c3e853fbb94e5231b2acd014909679b169c4074,1,SMSAgent
a698b8d447ec4080bf8fd03fd98f8077c3ad004d75fc1dc8621212f9ff91467d,1,SMSAgent
8e6e502f55fffc6fbfaa8306ec2f0f4ed255552076632936524fa33766b64108,1,SMSAgent
0d02011e46050d33adfb1f4ddf19ec056eb344a2f7ace331c1e51a0fa88d271b,1,SMSAgent
6fd5b3358a47254d69f155e34f772da5da7bebe41de296c4a8c5dd984ebe944b,1,SMSAgent
0a0ceb82cca9ae00214d8b0c428c9ec83358824b3567235a5ecf1ceddf9ce8b6,1,SMSAgent
2e4fcb852e6678bce691ae9ddb016d6718677911e390bb986d9ea5577588956b,1,SMSAgent
39e9ad54bc688f352b55ec958cf357640fbd313d21ac456639522e6b545c9d4b,1,SMSAgent
0d1ed2db9d71d2c40aadce9f0589799c66efcf3be4318c522df47c38937a056e,1,SMSAgent
0e2b29d99868355b173573ae270d951bfc962c1e8a1cab0ba41253f763569e49,1,SMSAgent
d3d2f9296c005e459013d11a02f3e260c7f8acdc2430569d0b68167a9b90ed10,1,SMSAgent
245fc89bde5e8c12bd50c74c919e28760701c3dcee18dd139d55f24e8edf734a,1,SMSAgent
e6b7a05226600db16be1a5d08f413cd90bd2f0d7d578579f14be47f34fe64e1d,1,SMSAgent
cf7416a8f5773eeaef5ba9f4271a809685f7efde87a277ec8570e51fe7fadca2,1,SMSAgent
143a73da99eaed8bc990d22e085526819c77c81be602dd5757106b34778836fe,1,Ropin
e792e123f968175aae7ad8b7ff8fdcf637c525dda9667d43140043d0d05937a8,1,Ropin
d416f67db0a13c5ff8bf61090ed5286b6d63d8ef266411fc0beae6cc7b5ba71b,1,Ropin
dfe598ee4af0849882032a3ce5bf30a76db4187326d9a365b55cc2ba7c0e2b72,1,Ropin
77b7c8b95ef4e70551678e7571a7f7cc3f9755f0673f9721954a4412b6fd035c,1,Ropin
df4b47632b887a9502ccbd535d5a70d999fcc59db001b1fbb16ee4a00177e292,1,Ropin
a6744ec888f199c5fe7ac9ca532c8a8667091bb8c55ca619d3f29bbebaa1d563,1,Ropin
00277b6e760c0c95125962eb8f53502f7b40c01c5c66495bf401383f471c3047,1,Ropin
82ef372ae89ffa6cf71e79255f8dc67a9bb9183ffccab1dd367249897b4c0c6d,1,Ropin
a88c422d49d2ca932076803839b238535522ff89f1161019383d80f4d194c7ed,1,Ropin
26ca538bafd87444e5bdb4f71ec17723d6fa196f8e95c5db496eb9a952aa4838,1,Ropin
2204e4a858411f84c2f731af1f35f4ad5c221283d946fe8148ef3aa7e769d74e,1,Ropin
b8f5f075106dc6f547508d1cbc925af5f592cf3a4fbb31d910f140636f9eb51d,1,Ropin
f72db6d67d8689a4dea1c2d402ba2bf5667342d8189075b3a0b96b78305d21a4,1,Ropin
60f77330b9d058022dc196adbf621a9d7779fe6e8839c75c010e27c15b054b59,1,Ropin
95cb425b0770a5a8021be508464e48728ccfb0c1aed99245b31768cf0abcaf0d,1,Ropin
5c12b16bed98c2f0ac84cbf054f8af0bee3e1c4fc62285085891115901541292,1,Ropin
098ca9170162e106df62c0705d437502d4d13f1b661a7020f26427eb01e61332,1,Ropin
cbe7f3fabee3105a9aede6985a48bc560b280132e1bc922d228db513357b7c00,1,Ropin
27d1dccc2b9de38bd4e49933b8a2a80a1a9cb9e7438f505bbc474ff816350ec7,1,Ropin
038764606ae0fad44688fa12a16cdbd1569eec872c5b6d1b2d1f90d07eca352b,1,Ropin
b62cb672fd616fa2cf8277bd8d4ee583eb071f073d4de0283c5f299d59eaefe6,1,Ropin
a1f42ce2482896ece38fbcdb67b32c835e27ebdf8739ad201bea5263782bebd1,1,Kuguo
1b9a8096ba6bfef19acca27681a30b945b95963b8e8d555597b57d3e178d656e,1,Kuguo
375503fdae4f1c57fab6687be8d9fc4df3268a25c266107a2cea2316631133fc,1,Kuguo
ab1842e394b5f7fce1f7e12799154cbd961d99b978e25b90bebddaf0c7f7ccf7,1,Kuguo
128fdbfd5ed7070433ce0431687e3595bd1b2e3a9288254ab440f83dce123e5b,1,Kuguo
a8f550a5e4c11c6e4a7b494e872aae9441f2fc2ed3148045efa5be71192c6d1a,1,Kuguo
668efae218fa2538ea9ab1749b3302ce640245dae1dc83579406f0aeb0d7c0e4,1,Kuguo
cedcbcaefe01eb0a1434791247d79e3981e99471da8131a3c7e4d7392fd61f80,1,Kuguo
b52d073c6c76eeae07bd42117a1cb46d2eb08986a8bfbf199815585ad1bf70d0,1,Kuguo
1c0e5a4a21be4e8455b34e327594ad999de563e69cad98ab4407d4e97c320f4a,1,Kuguo
5d00c6176fbd270a7ad90d2f1e2448c27138afe7d610364473508b77a4647063,1,Kuguo
6ef6bca4c658d0b350b5c006426320b30a0389d910e79873de3b2dd946f194a2,1,Kuguo
29802f4f20fa3c32655138a683e0466b90d577ac77821073952dedf02e9c9640,1,Kuguo
0e7dee99f00a65b4f8463948e05174515610e4bbcd1dbbdca6fe503d7962ec3e,1,Kuguo
2c52dd90a14a5861d18c3a89337c7fd5a7c71ae5217ed435fa1218ded5322d3b,1,Kuguo
db39bce176527b53ba9699831053168cd04b955341b8c8d5c88a15af1860c8eb,1,Kuguo
8d9e8130628774ffcbc850431b67b9b0d36a37de1521f3ed8106bf62de5dc977,1,Kuguo
58f043c70f66d9c35d26b6597406c76f1b86b1815bdf1d03dbf92ecabaa2ac60,1,Kuguo
404b12f90d82865b80f681b90114e65bdd538cd8463021d13dc8a3fcdd111ed8,1,Kuguo
df8345a3340ea4c42c0554ce6424ed876523e8259152211610fb4281bbfcac13,1,Kuguo
060232cbf9c7ba5ed5369e6b876b697f7fbda44f221f308262c44206dd116467,1,Kuguo
17a7dd119addc36ed89520ce094138e05309b0e5020bd321b41f1728a3f5569c,1,Kuguo
